Date,Issue code,Issue name,Securities type,Quantity short-selling volume total,Quantity short-selling volume with uptick rule,Quantity short-selling volume without uptick rule,Quantity trading volume,Quantity proportion,Amount short-selling volume total,Amount short-selling volume with uptick rule,Amount short-selling volume without uptick rule,Amount trading volume,Amount proportion
2017-02-23,095570,AJ Networks,Stock certificates,"10,242",0,0,"143,874",7.12,"54,911,740",0,0,"772,116,580",7.11
2017-02-23,068400,AJ RENT A CAR,Stock certificates,"9,820",0,0,"488,882",2.01,"85,994,030",0,0,"4,316,528,490",1.99
2017-02-23,006840,AK Holdings,Stock certificates,633,0,0,"41,052",1.54,"36,023,100",0,0,"2,318,651,100",1.55
2017-02-23,027410,BGF Retail,Stock certificates,"27,060",0,0,"246,306",10.99,"2,784,686,600",0,0,"25,312,478,100",11.00
2017-02-23,138930,BNK Financial Group,Stock certificates,"24,210",0,0,"775,406",3.12,"215,006,850",0,0,"6,881,360,820",3.12
2017-02-23,001460,BYC,Stock certificates,0,0,0,220,0.00,0,0,0,"85,225,500",0.00
2017-02-23,001465,BYC(1P),Stock certificates,0,0,0,67,0.00,0,0,0,"10,744,500",0.00
2017-02-23,001040,CJ,Stock certificates,"2,959",0,0,"91,306",3.24,"510,363,000",0,0,"15,740,095,500",3.24
2017-02-23,079160,CJ CGV,Stock certificates,"2,991",0,0,"107,380",2.79,"226,642,100",0,0,"8,124,233,400",2.79
2017-02-23,000120,CJ korea express,Stock certificates,"15,716",0,0,"38,626",40.69,"2,658,740,500",0,0,"6,531,784,000",40.70
2017-02-23,011150,CJSEAFOOD,Stock certificates,"3,939",0,0,"167,990",2.34,"13,536,450",0,0,"576,434,370",2.35
2017-02-23,011155,CJSEAFOOD(1P),Stock certificates,0,0,0,"15,485",0.00,0,0,0,"335,438,750",0.00
2017-02-23,001045,CJ(1P),Stock certificates,0,0,0,"13,905",0.00,0,0,0,"988,850,800",0.00
2017-02-23,097950,CJ CheilJedang,Stock certificates,"4,398",0,0,"38,559",11.41,"1,592,009,000",0,0,"13,950,639,000",11.41
2017-02-23,097955,CJ CheilJedang(1P),Stock certificates,31,0,0,"7,150",0.43,"4,884,500",0,0,"1,128,550,500",0.43
2017-02-23,037560,CJ HelloVision,Stock certificates,770,0,0,"40,787",1.89,"6,779,790",0,0,"359,395,440",1.89
2017-02-23,000590,CSHOLDINGS,Stock certificates,0,0,0,328,0.00,0,0,0,"27,180,200",0.00
2017-02-23,139130,DGB Financial Group,Stock certificates,"36,130",0,0,"634,325",5.70,"385,949,000",0,0,"6,774,145,975",5.70
2017-02-23,004840,DRB Holding,Stock certificates,435,0,0,"16,469",2.64,"4,768,600",0,0,"179,971,250",2.65
2017-02-23,155660,DSR,Stock certificates,"14,397",0,0,"196,331",7.33,"132,601,700",0,0,"1,809,022,020",7.33
2017-02-23,069730,DSRWIRE,Stock certificates,375,0,0,"818,472",0.05,"4,518,750",0,0,"9,969,954,950",0.05
2017-02-23,017940,E1,Stock certificates,3,0,0,"5,325",0.06,"170,400",0,0,"301,323,900",0.06
2017-02-23,007700,F&F,Stock certificates,"1,512",0,0,"51,607",2.93,"33,657,550",0,0,"1,145,091,950",2.94
2017-02-23,114090,GKL,Stock certificates,"22,399",0,0,"499,196",4.49,"480,644,150",0,0,"10,670,763,550",4.50
2017-02-23,078930,GS,Stock certificates,"9,052",0,0,"154,722",5.85,"488,423,300",0,0,"8,337,446,400",5.86
2017-02-23,006360,GS E&C,Stock certificates,"9,807",0,0,"244,177",4.02,"286,812,500",0,0,"7,132,400,250",4.02
2017-02-23,001250,GS Global,Stock certificates,"1,508",0,0,"573,912",0.26,"4,718,910",0,0,"1,802,585,730",0.26
2017-02-23,007070,GS Retail,Stock certificates,"14,307",0,0,"267,014",5.36,"747,957,500",0,0,"13,951,501,000",5.36
2017-02-23,078935,GS(1P),Stock certificates,0,0,0,"4,586",0.00,0,0,0,"157,354,500",0.00
2017-02-23,001500,HMCIB,Stock certificates,67,0,0,"22,989",0.29,"682,600",0,0,"234,359,650",0.29
2017-02-23,003560,IHQ,Stock certificates,"6,461",0,0,"292,113",2.21,"12,025,305",0,0,"543,754,340",2.21
2017-02-23,175330,JB Financial Group,Stock certificates,"36,924",0,0,"221,868",16.64,"210,845,820",0,0,"1,266,120,610",16.65
2017-02-23,234080,JW LIFESCIENCE,Stock certificates,452,0,0,"44,280",1.02,"13,769,250",0,0,"1,345,330,150",1.02
2017-02-23,001060,JWPHARMA,Stock certificates,"5,622",0,0,"87,278",6.44,"260,472,650",0,0,"4,061,721,050",6.41
2017-02-23,001067,JWPHARMA(2PB),Stock certificates,0,0,0,360,0.00,0,0,0,"13,185,950",0.00
2017-02-23,001065,JWPHARMA(1P),Stock certificates,0,0,0,568,0.00,0,0,0,"13,263,650",0.00
2017-02-23,096760,JW HOLDINGS,Stock certificates,386,0,0,"74,033",0.52,"3,117,330",0,0,"596,531,160",0.52
2017-02-23,105560,KBFinancialGroup,Stock certificates,"68,962",0,0,"876,252",7.87,"3,271,997,750",0,0,"41,604,138,150",7.86
2017-02-23,002550,KB Insurance,Stock certificates,"26,248",0,0,"316,485",8.29,"670,813,100",0,0,"8,082,931,400",8.30
2017-02-23,021960,KB CAPITAL,Stock certificates,396,0,0,"6,030",6.57,"10,368,500",0,0,"157,564,550",6.58
2017-02-23,002380,KCC,Stock certificates,"4,748",0,0,"22,811",20.81,"1,613,472,000",0,0,"7,756,302,500",20.80
2017-02-23,009070,KCTC,Stock certificates,0,0,0,"9,894",0.00,0,0,0,"32,840,570",0.00
2017-02-23,009440,KC Green Holdings,Stock certificates,225,0,0,"32,799",0.69,"1,708,870",0,0,"249,218,060",0.69
2017-02-23,119650,KC COTTRELL,Stock certificates,7,0,0,"54,000",0.01,"44,210",0,0,"339,178,420",0.01
2017-02-23,092220,KEC,Stock certificates,0,0,0,"202,144",0.00,0,0,0,"204,380,125",0.00
2017-02-23,109070,KGP,Stock certificates,"1,037",0,0,"2,175,464",0.05,"764,955",0,0,"1,617,471,265",0.05
2017-02-23,001390,KGC,Stock certificates,0,0,0,"11,705",0.00,0,0,0,"165,953,200",0.00
2017-02-23,001940,KISCO Holdings,Stock certificates,0,0,0,987,0.00,0,0,0,"58,942,900",0.00
2017-02-23,083420,KPX GREEN CHEMICAL,Stock certificates,0,0,0,"5,327",0.00,0,0,0,"23,437,770",0.00
2017-02-23,025000,KPXCHEMICAL,Stock certificates,0,0,0,"4,535",0.00,0,0,0,"295,888,500",0.00
2017-02-23,092230,KPXHOLDINGS,Stock certificates,0,0,0,894,0.00,0,0,0,"57,225,400",0.00
2017-02-23,000040,KR MOTORS,Stock certificates,"63,970",0,0,"6,123,287",1.04,"53,674,153",0,0,"5,173,162,438",1.04
2017-02-23,044450,KSS LINE,Stock certificates,0,0,0,"37,017",0.00,0,0,0,"332,338,440",0.00
2017-02-23,030200,KT,Stock certificates,"1,028",0,0,"504,675",0.20,"31,340,950",0,0,"15,380,916,440",0.20
2017-02-23,033780,KT&G,Stock certificates,"6,036",0,0,"476,783",1.27,"614,413,500",0,0,"48,566,661,250",1.27
2017-02-23,030210,KTBSEC,Stock certificates,"6,061",0,0,"135,862",4.46,"18,586,870",0,0,"416,351,325",4.46
2017-02-23,058850,KTcs,Stock certificates,"3,284",0,0,"303,249",1.08,"8,482,825",0,0,"782,071,740",1.08
2017-02-23,093050,LF,Stock certificates,847,0,0,"75,693",1.12,"17,835,900",0,0,"1,593,957,600",1.12
2017-02-23,003550,LG Corp.,Stock certificates,"4,451",0,0,"185,363",2.40,"284,399,800",0,0,"11,834,837,000",2.40
2017-02-23,034220,LG Display,Stock certificates,"45,689",0,0,"1,240,462",3.68,"1,301,312,400",0,0,"35,368,905,600",3.68
2017-02-23,001120,LGInt,Stock certificates,"2,783",0,0,"189,916",1.47,"90,371,550",0,0,"6,184,421,250",1.46
2017-02-23,051900,LGH&H,Stock certificates,"4,222",0,0,"38,155",11.07,"3,518,118,000",0,0,"31,800,689,760",11.06
2017-02-23,051905,LGH&H(1P),Stock certificates,293,0,0,"8,155",3.59,"154,097,000",0,0,"4,326,765,000",3.56
2017-02-23,003555,LG Corp.(1P),Stock certificates,0,0,0,"3,461",0.00,0,0,0,"133,193,150",0.00
2017-02-23,032640,LG Uplus,Stock certificates,"251,579",0,0,"2,787,002",9.03,"3,338,204,350",0,0,"36,938,952,400",9.04
2017-02-23,011070,LG Innotek,Stock certificates,"83,650",0,0,"437,588",19.12,"10,276,404,500",0,0,"53,983,821,772",19.04
2017-02-23,066570,LGELECTRONICS,Stock certificates,"109,605",0,0,"773,393",14.17,"6,888,440,400",0,0,"48,676,202,400",14.15
2017-02-23,066575,LGELECTRONICS(1P),Stock certificates,388,0,0,"20,485",1.89,"10,886,900",0,0,"573,737,100",1.90
2017-02-23,108670,LG HAUSYS,Stock certificates,245,0,0,"41,166",0.60,"26,273,500",0,0,"4,405,169,000",0.60
2017-02-23,108675,LG HAUSYS(1P),Stock certificates,0,0,0,788,0.00,0,0,0,"42,638,900",0.00
2017-02-23,051910,LGCHEM,Stock certificates,"19,251",0,0,"309,140",6.23,"5,441,615,000",0,0,"87,393,304,945",6.23
2017-02-23,051915,LGCHEM(1P),Stock certificates,4,0,0,"24,994",0.02,"704,000",0,0,"4,444,079,500",0.02
2017-02-23,079550,LIG Nex1,Stock certificates,"9,093",0,0,"107,799",8.44,"647,179,200",0,0,"7,672,747,600",8.43
2017-02-23,006260,LS,Stock certificates,"1,341",0,0,"66,501",2.02,"92,634,400",0,0,"4,589,086,900",2.02
2017-02-23,000680,LSNetworks,Stock certificates,1,0,0,"3,839",0.03,"3,010",0,0,"11,573,305",0.03
2017-02-23,010120,LSINDUSTRIALSYSTEMS,Stock certificates,529,0,0,"74,200",0.71,"22,868,450",0,0,"3,208,129,200",0.71
2017-02-23,229640,LS C&S ASIA,Stock certificates,850,0,0,"118,438",0.72,"5,875,620",0,0,"818,633,360",0.72
2017-02-23,023150,MHETHANOL,Stock certificates,0,0,0,"5,916",0.00,0,0,0,"45,248,360",0.00
2017-02-23,035420,NAVER,Stock certificates,"3,378",0,0,"96,955",3.48,"2,727,622,000",0,0,"78,327,292,000",3.48
2017-02-23,181710,NHN Entertainment,Stock certificates,"27,704",0,0,"101,282",27.35,"1,657,007,100",0,0,"6,058,127,000",27.35
2017-02-23,005940,NHIS,Stock certificates,"78,857",0,0,"1,231,239",6.40,"938,647,250",0,0,"14,628,443,500",6.42
2017-02-23,005945,NHIS(1P),Stock certificates,12,0,0,"22,162",0.05,"83,520",0,0,"153,754,340",0.05
2017-02-23,034310,NICE,Stock certificates,444,0,0,"50,854",0.87,"7,953,200",0,0,"900,008,950",0.88
2017-02-23,008260,NI STEEL,Stock certificates,"55,312",0,0,"1,701,060",3.25,"246,126,080",0,0,"7,603,820,360",3.24
2017-02-23,004250,NPC,Stock certificates,0,0,0,"1,559",0.00,0,0,0,"10,067,780",0.00
2017-02-23,004255,NPC(1P),Stock certificates,0,0,0,"1,278",0.00,0,0,0,"3,707,095",0.00
2017-02-23,010060,OCI,Stock certificates,"12,395",0,0,"183,885",6.74,"1,161,402,300",0,0,"17,207,640,600",6.75
2017-02-23,005490,POSCO,Stock certificates,"20,007",0,0,"213,638",9.36,"5,841,053,000",0,0,"62,329,924,000",9.37
2017-02-23,100840,S&T,Stock certificates,22,0,0,"7,466",0.29,"430,100",0,0,"145,753,100",0.30
2017-02-23,064960,S&T MOTIV,Stock certificates,"8,067",0,0,"61,078",13.21,"382,174,550",0,0,"2,898,329,750",13.19
2017-02-23,003570,S&TDynamics,Stock certificates,6,0,0,"34,058",0.02,"58,500",0,0,"331,124,300",0.02
2017-02-23,036530,S&T Holdings,Stock certificates,0,0,0,"8,724",0.00,0,0,0,"148,290,150",0.00
2017-02-23,010950,S-Oil,Stock certificates,"47,983",0,0,"349,853",13.72,"4,060,979,800",0,0,"29,614,160,050",13.71
2017-02-23,010955,S-Oil(1P),Stock certificates,0,0,0,"27,327",0.00,0,0,0,"1,567,336,100",0.00
2017-02-23,034120,SBS,Stock certificates,"2,818",0,0,"28,186",10.00,"72,007,400",0,0,"719,933,600",10.00
2017-02-23,101060,SBS Media Holdings,Stock certificates,0,0,0,"49,322",0.00,0,0,0,"132,472,575",0.00
2017-02-23,004060,SGCORPORATION,Stock certificates,"93,957",0,0,"4,845,917",1.94,"116,110,925",0,0,"5,992,961,515",1.94
2017-02-23,001380,SG CHOONGBANG,Stock certificates,0,0,0,"2,197,246",0.00,0,0,0,"13,276,052,840",0.00
2017-02-23,002360,SH ENERCHEM,Stock certificates,0,0,0,"345,355",0.00,0,0,0,"529,855,760",0.00
2017-02-23,009160,SIMPAC,Stock certificates,1,0,0,"30,080",0.00,"4,700",0,0,"141,591,440",0.00
2017-02-23,123700,SJM,Stock certificates,0,0,0,"15,708",0.00,0,0,0,"97,570,930",0.00
2017-02-23,025530,SJMH,Stock certificates,0,0,0,"1,995",0.00,0,0,0,"10,508,810",0.00
2017-02-23,034730,SK,Stock certificates,"4,517",0,0,"138,708",3.26,"981,464,500",0,0,"30,151,083,500",3.26
2017-02-23,011790,SKC,Stock certificates,"3,477",0,0,"95,038",3.66,"114,914,700",0,0,"3,134,072,050",3.67
2017-02-23,018670,SKGas,Stock certificates,45,0,0,"17,423",0.26,"4,718,000",0,0,"1,819,087,500",0.26
2017-02-23,001740,SKNetworks,Stock certificates,"36,811",0,0,"734,541",5.01,"275,600,710",0,0,"5,504,052,380",5.01
2017-02-23,001745,SKNetworks(1P),Stock certificates,0,0,0,"1,337",0.00,0,0,0,"72,819,800",0.00
2017-02-23,210980,SKD&D,Stock certificates,320,0,0,"28,389",1.13,"12,708,150",0,0,"1,128,168,600",1.13
2017-02-23,03473K,SK(1P),Stock certificates,0,0,0,680,0.00,0,0,0,"86,968,000",0.00
2017-02-23,096770,SK Innovation,Stock certificates,"2,635",0,0,"249,475",1.06,"410,185,000",0,0,"38,826,036,000",1.06
2017-02-23,096775,SK Innovation(1P),Stock certificates,0,0,0,"3,024",0.00,0,0,0,"272,304,600",0.00
2017-02-23,001510,SKSecu,Stock certificates,"53,234",0,0,"2,081,197",2.56,"64,908,990",0,0,"2,537,656,485",2.56
2017-02-23,001515,SKSecu(1P),Stock certificates,0,0,0,"214,320",0.00,0,0,0,"602,963,620",0.00
2017-02-23,006120,SKChem,Stock certificates,"6,585",0,0,"238,133",2.77,"423,839,200",0,0,"15,329,580,000",2.76
2017-02-23,006125,SKChem(1P),Stock certificates,0,0,0,"5,012",0.00,0,0,0,"134,861,700",0.00
2017-02-23,017670,SKTelecom,Stock certificates,"2,234",0,0,"158,210",1.41,"515,301,000",0,0,"36,448,560,000",1.41
2017-02-23,000660,SK hynix,Stock certificates,"25,679",0,0,"3,374,139",0.76,"1,283,733,050",0,0,"168,173,904,308",0.76
2017-02-23,005610,SPC SAMLIP,Stock certificates,"2,529",0,0,"17,332",14.59,"505,709,000",0,0,"3,467,719,500",14.58
2017-02-23,011810,STX,Stock certificates,0,0,0,0,0.00,0,0,0,0,0.00
2017-02-23,077970,STXEngine,Stock certificates,931,0,0,"19,195",4.85,"6,478,580",0,0,"133,555,850",4.85
2017-02-23,071970,STX Heavy Industries,Stock certificates,0,0,0,0,0.00,0,0,0,0,0.00
2017-02-23,084870,TBH GLOBAL,Stock certificates,"2,300",0,0,"113,330",2.03,"21,140,400",0,0,"1,042,738,060",2.03
2017-02-23,002710,TCC STEEL,Stock certificates,0,0,0,"18,106",0.00,0,0,0,"42,248,635",0.00
2017-02-23,024070,WISCOM,Stock certificates,0,0,0,"3,128",0.00,0,0,0,"12,879,325",0.00
2017-02-23,037270,YGP,Stock certificates,0,0,0,"72,030",0.00,0,0,0,"151,642,020",0.00
2017-02-23,000500,GAONCABLE,Stock certificates,0,0,0,"1,075",0.00,0,0,0,"24,277,300",0.00
2017-02-23,000860,KANGNAM JEVISCO,Stock certificates,1,0,0,"6,719",0.01,"36,450",0,0,"244,597,300",0.01
2017-02-23,035250,Kangwonland,Stock certificates,"104,594",0,0,"422,571",24.75,"3,661,100,000",0,0,"14,815,672,850",24.71
2017-02-23,011420,GALAXIA SM,Stock certificates,"7,092",0,0,"127,799",5.55,"15,713,385",0,0,"282,736,125",5.56
2017-02-23,002100,Kyungnong,Stock certificates,165,0,0,"11,887",1.39,"929,270",0,0,"66,829,730",1.39
2017-02-23,012320,KyungDongCtyGas,Stock certificates,0,0,0,"2,395",0.00,0,0,0,"176,292,200",0.00
2017-02-23,009450,KYUNGDONGNAVIEN,Stock certificates,"6,929",0,0,"64,013",10.82,"281,330,200",0,0,"2,590,813,200",10.86
2017-02-23,000050,Kyungbang,Stock certificates,"1,986",0,0,"27,020",7.35,"28,191,250",0,0,"383,626,850",7.35
2017-02-23,214390,KYONGBO,Stock certificates,12,0,0,"35,877",0.03,"163,200",0,0,"486,782,950",0.03
2017-02-23,012610,KyunginSynth,Stock certificates,"11,011",0,0,"136,659",8.06,"51,413,795",0,0,"638,020,695",8.06
2017-02-23,009140,KyunginElec,Stock certificates,0,0,0,167,0.00,0,0,0,"3,475,250",0.00
2017-02-23,013580,KyeryongConst,Stock certificates,1,0,0,"8,417",0.01,"17,050",0,0,"143,074,550",0.01
2017-02-23,012200,KeyangElecMach,Stock certificates,0,0,0,"137,998",0.00,0,0,0,"768,806,860",0.00
2017-02-23,012205,KeyangElecMach(1P),Stock certificates,0,0,0,"3,598",0.00,0,0,0,"13,780,885",0.00
2017-02-23,004200,KorDev,Stock certificates,0,0,0,"2,002",0.00,0,0,0,"10,915,550",0.00
2017-02-23,002140,KorInd,Stock certificates,"8,376",0,0,"657,471",1.27,"48,894,470",0,0,"3,872,877,550",1.26
2017-02-23,010130,KorZinc,Stock certificates,"24,485",0,0,"224,307",10.92,"10,197,562,500",0,0,"93,288,633,000",10.93
2017-02-23,002240,KISWire,Stock certificates,238,0,0,"8,528",2.79,"9,805,900",0,0,"351,488,200",2.79
2017-02-23,009810,KP,Stock certificates,173,0,0,"375,007",0.05,"149,644",0,0,"324,071,054",0.05
2017-02-23,001290,GOLDENBRIDGEINV&SEC,Stock certificates,0,0,0,"534,763",0.00,0,0,0,"540,665,778",0.00
2017-02-23,009290,KwangdongPharm,Stock certificates,70,0,0,"121,317",0.06,"635,700",0,0,"1,105,540,500",0.06
2017-02-23,017040,KWANG MYUNG ELEC,Stock certificates,470,0,0,"321,337",0.15,"1,370,135",0,0,"936,028,460",0.15
2017-02-23,017900,AUK,Stock certificates,0,0,0,"36,037",0.00,0,0,0,"78,517,095",0.00
2017-02-23,037710,Gwangju Shinsegae,Stock certificates,0,0,0,721,0.00,0,0,0,"176,780,500",0.00
2017-02-23,192530,Kwangju Bank,Stock certificates,129,0,0,"113,672",0.11,"1,353,000",0,0,"1,181,791,068",0.11
2017-02-23,140910,KWANG HEE REIT,Real estate investment company,0,0,0,"5,550",0.00,0,0,0,"29,313,900",0.00
2017-02-23,030610,KYOBOSECURITIES,Stock certificates,113,0,0,"146,600",0.08,"1,002,160",0,0,"1,299,483,640",0.08
2017-02-23,007690,KukdoChem,Stock certificates,430,0,0,"7,224",5.95,"22,356,000",0,0,"374,562,900",5.97
2017-02-23,005320,Kukdong,Stock certificates,0,0,0,"14,429",0.00,0,0,0,"119,545,610",0.00
2017-02-23,001140,KukboTrnspt,Stock certificates,0,0,0,"5,358",0.00,0,0,0,"111,521,650",0.00
2017-02-23,002720,Kukje Pharma,Stock certificates,133,0,0,"14,774",0.90,"560,595",0,0,"61,672,030",0.91
2017-02-23,014530,KukdongOil&Chem.,Stock certificates,1,0,0,"37,549",0.00,"3,490",0,0,"129,729,475",0.00
2017-02-23,014280,KUMKANG KIND,Stock certificates,642,0,0,"40,339",1.59,"26,907,800",0,0,"1,676,329,050",1.61
2017-02-23,014285,KUMKANG KIND(1P),Stock certificates,0,0,0,"5,060",0.00,0,0,0,"195,255,650",0.00
2017-02-23,008870,Kumbi,Stock certificates,1,0,0,"2,482",0.04,"93,800",0,0,"231,016,600",0.04
2017-02-23,001570,Kumyang,Stock certificates,"1,316",0,0,"59,360",2.22,"3,471,345",0,0,"155,110,405",2.24
2017-02-23,002990,KumhoIndustrial,Stock certificates,"13,463",0,0,"73,102",18.42,"124,686,040",0,0,"677,711,780",18.40
2017-02-23,002995,KumhoIndustrial(1P),Stock certificates,0,0,0,"1,470",0.00,0,0,0,"26,805,500",0.00
2017-02-23,011780,KumhoPetrochem,Stock certificates,"24,148",0,0,"131,656",18.34,"1,888,576,700",0,0,"10,293,562,200",18.35
2017-02-23,011785,KumhoPetrochem(1P),Stock certificates,0,0,0,"11,867",0.00,0,0,0,"326,375,950",0.00
2017-02-23,214330,KUMHO HT,Stock certificates,1,0,0,"34,767",0.00,"6,690",0,0,"229,504,540",0.00
2017-02-23,001210,KumhoElec,Stock certificates,0,0,0,"7,951",0.00,0,0,0,"82,906,350",0.00
2017-02-23,073240,KUMHOTIRE,Stock certificates,"14,550",0,0,"351,522",4.14,"119,178,520",0,0,"2,880,570,370",4.14
2017-02-23,092440,KISHIN,Stock certificates,1,0,0,"18,056",0.01,"4,735",0,0,"85,013,670",0.01
2017-02-23,000270,KiaMtr,Stock certificates,"103,350",0,0,"873,087",11.84,"3,925,014,400",0,0,"33,193,608,100",11.82
2017-02-23,024110,IBK,Stock certificates,"18,525",0,0,"897,530",2.06,"232,424,150",0,0,"11,242,636,450",2.07
2017-02-23,013700,CAMUS E&S,Stock certificates,1,0,0,"50,533",0.00,"10,700",0,0,"552,503,600",0.00
2017-02-23,004540,KleanNara,Stock certificates,"3,356",0,0,"112,117",2.99,"19,450,310",0,0,"649,052,790",3.00
2017-02-23,004545,KleanNara(1P),Stock certificates,0,0,0,"1,788",0.00,0,0,0,"33,864,350",0.00
2017-02-23,007460,NARA KIC,Stock certificates,1,0,0,"34,302",0.00,"2,540",0,0,"86,303,430",0.00
2017-02-23,001260,NamkwangEng&Const,Stock certificates,1,0,0,"22,923",0.00,"7,410",0,0,"167,626,510",0.00
2017-02-23,008350,NamsunAlum,Stock certificates,0,0,0,"827,978",0.00,0,0,0,"1,052,358,365",0.00
2017-02-23,008355,NamsunAlum(1P),Stock certificates,0,0,0,"5,203",0.00,0,0,0,"45,932,160",0.00
2017-02-23,004270,Namsung,Stock certificates,0,0,0,"126,486",0.00,0,0,0,"246,054,630",0.00
2017-02-23,003920,NamyangDairy,Stock certificates,1,0,0,732,0.14,"720,000",0,0,"526,055,000",0.14
2017-02-23,003925,NamyangDairy(1P),Stock certificates,0,0,0,1,0.00,0,0,0,"236,000",0.00
2017-02-23,002070,NAMYEUNG,Stock certificates,0,0,0,"1,454",0.00,0,0,0,"12,282,480",0.00
2017-02-23,025860,NamhaeChem,Stock certificates,11,0,0,"34,219",0.03,"98,830",0,0,"304,760,490",0.03
2017-02-23,005720,NEXEN,Stock certificates,0,0,0,"32,025",0.00,0,0,0,"254,108,250",0.00
2017-02-23,005725,NEXEN(1P),Stock certificates,0,0,0,149,0.00,0,0,0,"722,565",0.00
2017-02-23,002350,NEXENTIRE,Stock certificates,"29,819",0,0,"132,919",22.43,"426,080,600",0,0,"1,899,996,400",22.43
2017-02-23,002355,NEXENTIRE(1PB),Stock certificates,0,0,0,66,0.00,0,0,0,"362,350",0.00
2017-02-23,110570,NEXOLON,Stock certificates,"19,823",0,0,"9,553,120",0.21,"9,339,737",0,0,"4,480,638,676",0.21
2017-02-23,090350,NOROOPAINT,Stock certificates,"4,458",0,0,"27,837",16.01,"37,969,720",0,0,"237,139,670",16.01
2017-02-23,090355,NOROOPAINT(1P),Stock certificates,0,0,0,76,0.00,0,0,0,"630,680",0.00
2017-02-23,000320,NorooHoldings,Stock certificates,0,0,0,"1,868",0.00,0,0,0,"28,378,850",0.00
2017-02-23,000327,NorooHoldings(2PB),Stock certificates,0,0,0,249,0.00,0,0,0,"4,085,200",0.00
2017-02-23,000325,NorooHoldings(1P),Stock certificates,0,0,0,157,0.00,0,0,0,"2,169,400",0.00
2017-02-23,006280,GC Corp,Stock certificates,"1,497",0,0,"56,388",2.65,"222,396,500",0,0,"8,404,012,500",2.65
2017-02-23,005250,GCH Corp,Stock certificates,"1,043",0,0,"62,464",1.67,"27,522,300",0,0,"1,643,211,150",1.67
2017-02-23,005255,GCH Corp(1P),Stock certificates,0,0,0,16,0.00,0,0,0,"412,700",0.00
2017-02-23,005257,GCH Corp(2PB),Stock certificates,0,0,0,43,0.00,0,0,0,"920,700",0.00
2017-02-23,004370,Nongshim,Stock certificates,"26,887",0,0,"177,474",15.15,"8,658,026,000",0,0,"57,006,332,000",15.19
2017-02-23,072710,NongshimHoldings,Stock certificates,227,0,0,"12,674",1.79,"24,659,000",0,0,"1,377,062,000",1.79
2017-02-23,023590,DaouTech,Stock certificates,"5,083",0,0,"132,677",3.83,"95,623,950",0,0,"2,494,693,900",3.83
2017-02-23,020120,Daouincube,Stock certificates,0,0,0,"16,538",0.00,0,0,0,"47,777,440",0.00
2017-02-23,015590,DaekyungMach&Eng,Stock certificates,"64,358",0,0,"261,980",24.57,"55,475,423",0,0,"226,252,687",24.52
2017-02-23,019680,DAEKYO,Stock certificates,303,0,0,"105,494",0.29,"2,495,590",0,0,"868,094,340",0.29
2017-02-23,019685,DAEKYO(1PB),Stock certificates,0,0,0,"7,566",0.00,0,0,0,"38,418,860",0.00
2017-02-23,006370,DaeguDptStr,Stock certificates,0,0,0,"7,118",0.00,0,0,0,"98,821,750",0.00
2017-02-23,004130,DAEDUCKGDS,Stock certificates,"2,764",0,0,"73,254",3.77,"37,105,050",0,0,"983,465,300",3.77
2017-02-23,004135,DAEDUCK(1P),Stock certificates,0,0,0,52,0.00,0,0,0,"376,570",0.00
2017-02-23,008060,DaeduckElec,Stock certificates,"1,725",0,0,"74,551",2.31,"14,409,580",0,0,"623,830,470",2.31
2017-02-23,000490,Daedong,Stock certificates,0,0,0,"23,625",0.00,0,0,0,"162,657,010",0.00
2017-02-23,008110,DAIDONG,Stock certificates,0,0,0,"6,612",0.00,0,0,0,"30,955,860",0.00
2017-02-23,005750,DAELIM B&Co,Stock certificates,"1,956",0,0,"74,387",2.63,"16,677,880",0,0,"630,185,670",2.65
2017-02-23,000210,DaelimInd,Stock certificates,"3,744",0,0,"142,129",2.63,"310,406,500",0,0,"11,777,847,500",2.64
2017-02-23,000215,DaelimInd(1P),Stock certificates,0,0,0,"5,611",0.00,0,0,0,"165,144,700",0.00
2017-02-23,004440,DAELIM C&S,Stock certificates,0,0,0,"11,391",0.00,0,0,0,"216,140,550",0.00
2017-02-23,006570,DaelimTrdg,Stock certificates,0,0,0,"1,564",0.00,0,0,0,"9,178,620",0.00
2017-02-23,001680,Daesang,Stock certificates,"19,172",0,0,"168,870",11.35,"477,880,950",0,0,"4,206,174,050",11.36
2017-02-23,001689,Daesang(3PB),Stock certificates,0,0,0,0,0.00,0,0,0,0,0.00
2017-02-23,001685,Daesang(1P),Stock certificates,0,0,0,873,0.00,0,0,0,"10,591,600",0.00
2017-02-23,084690,Daesang Holdings,Stock certificates,1,0,0,"66,045",0.00,"10,250",0,0,"679,027,300",0.00
2017-02-23,084695,Daesang Holdings(1P),Stock certificates,0,0,0,22,0.00,0,0,0,"150,480",0.00
2017-02-23,128820,DAESUNGIND,Stock certificates,"1,060",0,0,"134,580",0.79,"4,321,290",0,0,"544,914,120",0.79
2017-02-23,117580,DAESUNGENERGY,Stock certificates,0,0,0,"19,715",0.00,0,0,0,"122,193,620",0.00
2017-02-23,005620,DAESUNGGROUP,Stock certificates,20,0,0,"4,833",0.41,"878,850",0,0,"213,086,300",0.41
2017-02-23,016710,DAESUNG HOLDINGS,Stock certificates,106,0,0,"8,510",1.25,"977,320",0,0,"77,414,270",1.26
2017-02-23,003540,DaishinSecu,Stock certificates,"23,484",0,0,"168,512",13.94,"270,086,100",0,0,"1,937,226,650",13.94
2017-02-23,003547,DAISHINSECU(2PB),Stock certificates,0,0,0,503,0.00,0,0,0,"3,502,610",0.00
2017-02-23,003545,DaishinSecu(1P),Stock certificates,8,0,0,"44,653",0.02,"60,000",0,0,"334,515,140",0.02
2017-02-23,009190,DaiyangMtl,Stock certificates,0,0,0,"10,375",0.00,0,0,0,"41,606,490",0.00
2017-02-23,014160,DaeyoungPkg,Stock certificates,2,0,0,"417,586",0.00,"1,936",0,0,"403,096,040",0.00
2017-02-23,047040,DWEC,Stock certificates,"32,823",0,0,"560,958",5.85,"203,252,570",0,0,"3,474,649,940",5.85
2017-02-23,009320,DAEWOOELECCOMPONENTS,Stock certificates,228,0,0,"137,341",0.17,"339,430",0,0,"202,645,565",0.17
2017-02-23,042660,DSME,Stock certificates,0,0,0,0,0.00,0,0,0,0,0.00
2017-02-23,003090,Daewoong,Stock certificates,358,0,0,"11,096",3.23,"18,739,600",0,0,"581,515,200",3.22
2017-02-23,069620,DAEWOONG PHARM,Stock certificates,"8,627",0,0,"50,879",16.96,"736,124,300",0,0,"4,350,277,400",16.92
2017-02-23,000430,DaewonKangup,Stock certificates,0,0,0,"30,291",0.00,0,0,0,"137,719,980",0.00
2017-02-23,006340,DaewonCbl,Stock certificates,4,0,0,"472,576",0.00,"4,880",0,0,"575,472,125",0.00
2017-02-23,006345,DaewonCbl(1P),Stock certificates,0,0,0,"54,605",0.00,0,0,0,"153,187,660",0.00
2017-02-23,003220,Daewonpharm,Stock certificates,205,0,0,"160,958",0.13,"4,316,500",0,0,"3,378,242,050",0.13
2017-02-23,024890,DaewonChem,Stock certificates,504,0,0,"43,409",1.16,"1,242,760",0,0,"106,514,475",1.17
2017-02-23,002880,DAYOU A-TECH,Stock certificates,0,0,0,"187,006",0.00,0,0,0,"296,248,290",0.00
2017-02-23,000300,DAYOUPLUS,Stock certificates,0,0,0,"248,749",0.00,0,0,0,"252,468,970",0.00
2017-02-23,012800,DAECHANG,Stock certificates,"55,346",0,0,"16,261,212",0.34,"65,896,620",0,0,"18,782,341,220",0.35
2017-02-23,015230,DaechangForging,Stock certificates,0,0,0,"2,263",0.00,0,0,0,"106,727,050",0.00
2017-02-23,001070,TaihanTextl,Stock certificates,0,0,0,"2,641",0.00,0,0,0,"241,316,200",0.00
2017-02-23,006650,KPIC,Stock certificates,"2,009",0,0,"38,426",5.23,"558,141,000",0,0,"10,643,294,000",5.24
2017-02-23,001440,TaihanElecWire,Stock certificates,"97,469",0,0,"5,602,956",1.74,"190,861,495",0,0,"11,047,194,900",1.73
2017-02-23,084010,Daehan Steel,Stock certificates,0,0,0,"88,497",0.00,0,0,0,"890,230,140",0.00
2017-02-23,001790,TS,Stock certificates,18,0,0,"4,743",0.38,"430,100",0,0,"113,259,900",0.38
2017-02-23,001799,TS(3PB),Stock certificates,0,0,0,162,0.00,0,0,0,"3,314,400",0.00
2017-02-23,001795,TS(1P),Stock certificates,0,0,0,0,0.00,0,0,0,0,0.00
2017-02-23,001130,DaehanFlrMill,Stock certificates,0,0,0,"1,443",0.00,0,0,0,"272,078,000",0.00
2017-02-23,003490,KAL,Stock certificates,"129,977",0,0,"920,414",14.12,"3,762,965,500",0,0,"26,604,726,700",14.14
2017-02-23,003495,KAL(1P),Stock certificates,"3,000",0,0,"490,040",0.61,"49,839,050",0,0,"7,950,637,100",0.63
2017-02-23,005880,KorLine,Stock certificates,"9,933",0,0,"312,236",3.18,"223,630,200",0,0,"7,084,718,650",3.16
2017-02-23,003830,DaehanSynthFibr,Stock certificates,0,0,0,375,0.00,0,0,0,"38,308,000",0.00
2017-02-23,016090,Daehyun,Stock certificates,"1,702",0,0,"473,167",0.36,"5,701,820",0,0,"1,585,466,640",0.36
2017-02-23,069460,DAEHOAL,Stock certificates,0,0,0,"108,404",0.00,0,0,0,"182,248,400",0.00
2017-02-23,012510,DuzonBizon,Stock certificates,"4,179",0,0,"110,580",3.78,"95,384,950",0,0,"2,521,422,350",3.78
2017-02-23,004830,Duksung,Stock certificates,73,0,0,"392,273",0.02,"411,720",0,0,"2,207,177,700",0.02
2017-02-23,004835,Duksung(1P),Stock certificates,0,0,0,"22,549",0.00,0,0,0,"68,450,895",0.00
2017-02-23,024900,DuckYangInd,Stock certificates,0,0,0,"22,793",0.00,0,0,0,"38,423,570",0.00
2017-02-23,008000,Toray Chemical Korea(TCK),Stock certificates,0,0,0,"2,957",0.00,0,0,0,"56,592,150",0.00
2017-02-23,002150,DOHWA ENGINEERING,Stock certificates,0,0,0,"9,485",0.00,0,0,0,"42,865,285",0.00
2017-02-23,001620,DongkookInd,Stock certificates,"43,920",0,0,"635,075",6.92,"130,615,505",0,0,"1,888,876,505",6.91
2017-02-23,001230,DongkukStlMill,Stock certificates,"6,725",0,0,"403,309",1.67,"81,930,850",0,0,"4,899,382,500",1.67
2017-02-23,023450,DONGNAMCHEMICAL,Stock certificates,2,0,0,"3,602",0.06,"125,600",0,0,"225,156,000",0.06
2017-02-23,004140,DongbangTrnspt&Log,Stock certificates,1,0,0,"983,318",0.00,"2,125",0,0,"2,146,012,175",0.00
2017-02-23,007590,DongbangAgro,Stock certificates,0,0,0,"1,970",0.00,0,0,0,"13,531,800",0.00
2017-02-23,012030,DONGBU,Stock certificates,0,0,0,"320,091",0.00,0,0,0,"231,582,987",0.00
2017-02-23,005960,Dongbu Corporation,Stock certificates,0,0,0,"19,201",0.00,0,0,0,"182,344,370",0.00
2017-02-23,005965,Dongbu(1P),Stock certificates,0,0,0,"20,086",0.00,0,0,0,"429,776,600",0.00
2017-02-23,016380,DONGBU STL,Stock certificates,0,0,0,"2,843",0.00,0,0,0,"37,209,600",0.00
2017-02-23,016385,DONGBU STL(1P),Stock certificates,0,0,0,"3,961",0.00,0,0,0,"121,201,450",0.00
2017-02-23,016610,DongbuSecu,Stock certificates,1,0,0,"35,928",0.00,"3,635",0,0,"130,052,495",0.00
2017-02-23,000990,Dongbu HiTek,Stock certificates,"12,141",0,0,"591,151",2.05,"224,597,150",0,0,"10,980,632,700",2.05
2017-02-23,000995,Dongbu HiTek(1P),Stock certificates,0,0,0,598,0.00,0,0,0,"18,314,600",0.00
2017-02-23,005830,DongbuIns,Stock certificates,"24,802",0,0,"434,085",5.71,"1,476,419,500",0,0,"25,789,175,600",5.72
2017-02-23,083350,Dongbuka10,Ship investment company,0,0,0,610,0.00,0,0,0,"2,782,150",0.00
2017-02-23,083360,Dongbuka11,Ship investment company,0,0,0,2,0.00,0,0,0,"9,250",0.00
2017-02-23,083370,Dongbuka12,Ship investment company,0,0,0,15,0.00,0,0,0,"69,200",0.00
2017-02-23,083380,Dongbuka13,Ship investment company,0,0,0,0,0.00,0,0,0,0,0.00
2017-02-23,083390,Dongbuka14,Ship investment company,0,0,0,"1,202",0.00,0,0,0,"5,102,715",0.00
2017-02-23,026960,DONGSUH,Stock certificates,"8,136",0,0,"42,504",19.14,"209,325,300",0,0,"1,093,221,750",19.15
2017-02-23,002210,DongsungPharm,Stock certificates,0,0,0,"25,106",0.00,0,0,0,"98,748,275",0.00
2017-02-23,102260,DONGSUNG CORPORATION,Stock certificates,2,0,0,"78,479",0.00,"12,200",0,0,"477,063,450",0.00
2017-02-23,005190,DongsungChem,Stock certificates,0,0,0,"23,503",0.00,0,0,0,"429,988,400",0.00
2017-02-23,000640,Donga Socio Holdings,Stock certificates,"1,038",0,0,"19,113",5.43,"134,497,500",0,0,"2,470,695,000",5.44
2017-02-23,058730,Dong A S-tech,Stock certificates,0,0,0,"35,638",0.00,0,0,0,"226,600,020",0.00
2017-02-23,170900,Donga ST,Stock certificates,261,0,0,"24,182",1.08,"25,232,800",0,0,"2,338,024,400",1.08
2017-02-23,028100,Dong Ah E&C,Stock certificates,22,0,0,"84,175",0.03,"234,300",0,0,"893,682,450",0.03
2017-02-23,007340,DongahTire,Stock certificates,18,0,0,"9,340",0.19,"461,700",0,0,"240,928,400",0.19
2017-02-23,001520,TONGYANG,Stock certificates,"60,867",0,0,"638,869",9.53,"167,944,510",0,0,"1,760,069,385",9.54
2017-02-23,001527,TONGYANG(2PB),Stock certificates,0,0,0,779,0.00,0,0,0,"9,392,950",0.00
2017-02-23,001529,TONGYANG(3PB),Stock certificates,0,0,0,94,0.00,0,0,0,"2,055,600",0.00
2017-02-23,084670,DONGYANG EXPRESS,Stock certificates,0,0,0,463,0.00,0,0,0,"16,572,150",0.00
2017-02-23,030790,TYNETWORKS,Stock certificates,"5,942",0,0,"1,662,770",0.36,"6,362,695",0,0,"1,745,941,425",0.36
2017-02-23,002900,TongyangMoolsan,Stock certificates,"129,967",0,0,"6,238,651",2.08,"372,364,210",0,0,"17,693,502,280",2.10
2017-02-23,082640,TONGYANG LIFE,Stock certificates,"5,893",0,0,"94,659",6.23,"62,743,250",0,0,"1,006,498,950",6.23
2017-02-23,001525,TONGYANG(1P),Stock certificates,0,0,0,520,0.00,0,0,0,"6,784,050",0.00
2017-02-23,008970,DongyangStlPipe,Stock certificates,"47,247",0,0,"409,173",11.55,"57,143,190",0,0,"493,908,695",11.57
2017-02-23,003580,Dongwon,Stock certificates,0,0,0,"7,071",0.00,0,0,0,"232,567,500",0.00
2017-02-23,049770,DongwonF&B,Stock certificates,67,0,0,"6,080",1.10,"14,496,500",0,0,"1,314,276,000",1.10
2017-02-23,018500,DONGWON METAL,Stock certificates,1,0,0,"19,488",0.01,"3,650",0,0,"70,975,665",0.01
2017-02-23,006040,DongwonInd,Stock certificates,10,0,0,"1,146",0.87,"3,495,500",0,0,"397,914,500",0.88
2017-02-23,030720,DongwonFish,Stock certificates,0,0,0,"18,703",0.00,0,0,0,"169,218,590",0.00
2017-02-23,014820,DWS,Stock certificates,"1,063",0,0,"10,851",9.80,"69,614,300",0,0,"708,978,800",9.82
2017-02-23,014825,DWS(1P),Stock certificates,0,0,0,51,0.00,0,0,0,"1,535,400",0.00
2017-02-23,163560,DRB Industrial,Stock certificates,0,0,0,"10,567",0.00,0,0,0,"113,711,350",0.00
2017-02-23,001530,Dongil,Stock certificates,0,0,0,501,0.00,0,0,0,"29,630,400",0.00
2017-02-23,004890,DIC,Stock certificates,0,0,0,"4,964",0.00,0,0,0,"410,042,400",0.00
2017-02-23,002690,DONG IL STEEL,Stock certificates,1,0,0,"17,041",0.01,"4,100",0,0,"68,759,735",0.01
2017-02-23,000020,DongwhaPharm,Stock certificates,29,0,0,"97,152",0.03,"251,430",0,0,"835,339,480",0.03
2017-02-23,000150,DOOSAN,Stock certificates,"5,034",0,0,"59,755",8.42,"516,910,000",0,0,"6,118,962,500",8.45
2017-02-23,000157,DOOSAN(2PB),Stock certificates,0,0,0,528,0.00,0,0,0,"34,786,800",0.00
2017-02-23,011160,Doosanenc,Stock certificates,1,0,0,"14,612",0.01,"3,880",0,0,"56,274,195",0.01
2017-02-23,241560,Doosan Bobcat,Stock certificates,969,0,0,"314,634",0.31,"34,678,150",0,0,"11,216,078,975",0.31
2017-02-23,082740,Doosan Engine,Stock certificates,"32,663",0,0,"207,633",15.73,"107,102,375",0,0,"680,969,475",15.73
2017-02-23,000155,DOOSAN(1P),Stock certificates,4,0,0,"3,682",0.11,"268,600",0,0,"246,382,900",0.11
2017-02-23,042670,DSINFRA,Stock certificates,"87,964",0,0,"2,829,442",3.11,"782,501,390",0,0,"25,222,098,850",3.10
2017-02-23,034020,DHICO,Stock certificates,"127,268",0,0,"786,958",16.17,"3,433,658,950",0,0,"21,246,566,950",16.16
2017-02-23,016740,DUAL,Stock certificates,0,0,0,"121,991",0.00,0,0,0,"606,878,225",0.00
2017-02-23,024090,DCM,Stock certificates,0,0,0,"20,033",0.00,0,0,0,"252,223,950",0.00
2017-02-23,003160,DI,Stock certificates,"1,195",0,0,"91,977",1.30,"5,186,275",0,0,"404,311,835",1.28
2017-02-23,092200,DIC,Stock certificates,"3,104",0,0,"46,374",6.69,"28,663,850",0,0,"428,535,900",6.69
2017-02-23,013570,DY,Stock certificates,59,0,0,"59,509",0.10,"437,410",0,0,"440,697,760",0.10
2017-02-23,210540,DY POWER,Stock certificates,156,0,0,"29,226",0.53,"1,416,650",0,0,"264,858,250",0.53
2017-02-23,026890,DPC,Stock certificates,"4,479",0,0,"2,338,278",0.19,"17,554,430",0,0,"8,945,018,810",0.20
2017-02-23,115390,L&L,Stock certificates,31,0,0,"116,763",0.03,"477,350",0,0,"1,805,302,500",0.03
2017-02-23,032350,LOTTE TOUR,Stock certificates,203,0,0,"11,916",1.70,"1,554,620",0,0,"91,140,260",1.71
2017-02-23,000400,LotteInsurance,Stock certificates,0,0,0,"108,014",0.00,0,0,0,"268,851,165",0.00
2017-02-23,023530,LOTTE SHOPPING,Stock certificates,"5,859",0,0,"256,381",2.29,"1,411,119,500",0,0,"61,681,032,000",2.29
2017-02-23,004000,LOTTE Fine Chem,Stock certificates,"4,987",0,0,"114,962",4.34,"162,758,050",0,0,"3,755,191,350",4.33
2017-02-23,004990,LotteConf,Stock certificates,"4,434",0,0,"30,572",14.50,"899,549,500",0,0,"6,194,960,500",14.52
2017-02-23,005300,LotteChilsung,Stock certificates,490,0,0,"1,848",26.52,"736,251,000",0,0,"2,777,203,000",26.51
2017-02-23,005305,LotteChilsung(1P),Stock certificates,0,0,0,21,0.00,0,0,0,"14,045,000",0.00
2017-02-23,011170,LOTTE CHEMICAL Corp,Stock certificates,"5,597",0,0,"161,629",3.46,"2,114,921,000",0,0,"61,178,930,500",3.46
2017-02-23,002270,LotteFood,Stock certificates,226,0,0,"3,152",7.17,"142,594,000",0,0,"1,990,852,000",7.16
2017-02-23,071840,LOTTE Himart,Stock certificates,319,0,0,"60,018",0.53,"15,632,200",0,0,"2,940,636,400",0.53
2017-02-23,027740,MANIKER,Stock certificates,644,0,0,"893,257",0.07,"512,974",0,0,"710,756,581",0.07
2017-02-23,204320,MANDO,Stock certificates,"5,930",0,0,"36,349",16.31,"1,602,799,500",0,0,"9,827,895,716",16.31
2017-02-23,001080,ManhoRope&Wire,Stock certificates,0,0,0,"1,341",0.00,0,0,0,"25,636,700",0.00
2017-02-23,088980,MKIF,Infrastructure funds,"22,106",0,0,"282,542",7.82,"180,291,510",0,0,"2,300,074,040",7.84
2017-02-23,094800,MAPSREALTY1,Investment company,0,0,0,"21,160",0.00,0,0,0,"81,062,580",0.00
2017-02-23,138040,Meritz Financial,Stock certificates,"5,515",0,0,"74,244",7.43,"63,675,950",0,0,"856,392,350",7.44
2017-02-23,008560,MERITZ SECU,Stock certificates,"32,435",0,0,"1,293,139",2.51,"119,541,925",0,0,"4,771,339,525",2.51
2017-02-23,000060,Meritz Insurance,Stock certificates,"6,064",0,0,"152,524",3.98,"93,716,250",0,0,"2,351,663,050",3.99
2017-02-23,017180,Myungmoon Pharm,Stock certificates,"3,227",0,0,"308,411",1.05,"17,147,350",0,0,"1,642,732,440",1.04
2017-02-23,012690,Monalisa,Stock certificates,133,0,0,"280,100",0.05,"945,630",0,0,"1,987,718,840",0.05
2017-02-23,005360,Monami,Stock certificates,0,0,0,"123,913",0.00,0,0,0,"556,866,530",0.00
2017-02-23,204210,MODETOURREIT,Real estate investment company,0,0,0,119,0.00,0,0,0,"535,865",0.00
2017-02-23,009680,MT,Stock certificates,5,0,0,"3,176",0.16,"45,050",0,0,"28,581,610",0.16
2017-02-23,009580,Moorim P&P,Stock certificates,42,0,0,"42,994",0.10,"170,355",0,0,"174,407,100",0.10
2017-02-23,009200,MOORIM PAPER,Stock certificates,1,0,0,"126,363",0.00,"2,725",0,0,"351,101,005",0.00
2017-02-23,033920,Muhak,Stock certificates,"5,279",0,0,"29,686",17.78,"120,734,900",0,0,"679,697,800",17.76
2017-02-23,008420,MoonbaeStl,Stock certificates,934,0,0,"317,322",0.29,"3,126,765",0,0,"1,072,973,800",0.29
2017-02-23,025560,Mirae,Stock certificates,"152,329",0,0,"28,841,057",0.53,"46,532,858",0,0,"8,743,042,806",0.53
2017-02-23,007120,MiraeING,Stock certificates,"6,906",0,0,"287,858",2.40,"7,638,685",0,0,"318,069,320",2.40
2017-02-23,006800,MIRAE ASSET DAEWOO,Stock certificates,"159,584",0,0,"2,775,981",5.75,"1,465,191,700",0,0,"25,480,709,680",5.75
2017-02-23,006805,MIRAE ASSET DAEWOO(1P),Stock certificates,0,0,0,"3,815",0.00,0,0,0,"22,186,420",0.00
2017-02-23,085620,MIRAE ASSET LIFE,Stock certificates,"12,339",0,0,"353,038",3.50,"74,435,690",0,0,"2,128,049,480",3.50
2017-02-23,002840,MiwonComcl,Stock certificates,0,0,0,267,0.00,0,0,0,"64,210,500",0.00
2017-02-23,107590,MSC,Stock certificates,0,0,0,54,0.00,0,0,0,"28,562,000",0.00
2017-02-23,134380,MCC,Stock certificates,0,0,0,154,0.00,0,0,0,"10,611,500",0.00
2017-02-23,003650,MichangOil,Stock certificates,0,0,0,"1,762",0.00,0,0,0,"155,841,400",0.00
2017-02-23,155900,Badaro19,Ship investment company,0,0,0,1,0.00,0,0,0,"2,800",0.00
2017-02-23,003610,Pangrim,Stock certificates,0,0,0,"3,793",0.00,0,0,0,"83,452,800",0.00
2017-02-23,001340,PaikkwangInd,Stock certificates,558,0,0,"642,142",0.09,"1,392,445",0,0,"1,604,109,375",0.09
2017-02-23,014580,BaekkwangMinPdt,Stock certificates,372,0,0,"107,746",0.35,"1,093,835",0,0,"316,308,425",0.35
2017-02-23,035150,Baiksan,Stock certificates,338,0,0,"47,810",0.71,"2,900,040",0,0,"411,217,960",0.71
2017-02-23,002410,PumyangConst,Stock certificates,0,0,0,"6,058",0.00,0,0,0,"74,500,100",0.00
2017-02-23,096300,VIETNAM DEVELOP1,Investment company,0,0,0,"157,814",0.00,0,0,0,"79,845,603",0.00
2017-02-23,007210,Byuksan,Stock certificates,"1,862",0,0,"385,684",0.48,"7,937,650",0,0,"1,640,196,355",0.48
2017-02-23,002760,Bolak,Stock certificates,0,0,0,"38,520",0.00,0,0,0,"233,613,280",0.00
2017-02-23,003850,BoryungPharm,Stock certificates,6,0,0,"24,449",0.02,"322,200",0,0,"1,309,850,500",0.02
2017-02-23,004740,BorneoIntFurn,Stock certificates,0,0,0,0,0.00,0,0,0,0,0.00
2017-02-23,000890,BohaeBrew,Stock certificates,"13,721",0,0,"4,531,956",0.30,"16,466,265",0,0,"5,499,999,080",0.30
2017-02-23,003000,BukwangPharm,Stock certificates,628,0,0,"65,235",0.96,"14,453,250",0,0,"1,506,556,350",0.96
2017-02-23,001270,BookookSecu,Stock certificates,0,0,0,"8,747",0.00,0,0,0,"161,223,800",0.00
2017-02-23,001275,BookookSecu(1P),Stock certificates,0,0,0,641,0.00,0,0,0,"11,503,400",0.00
2017-02-23,026940,Bookook Steel,Stock certificates,0,0,0,"94,299",0.00,0,0,0,"294,332,450",0.00
2017-02-23,015350,BusanCtyGas,Stock certificates,0,0,0,958,0.00,0,0,0,"33,689,950",0.00
2017-02-23,011390,BusanInd,Stock certificates,2,0,0,"13,721",0.01,"95,900",0,0,"654,219,500",0.01
2017-02-23,005030,PusanCstIron,Stock certificates,0,0,0,"116,694",0.00,0,0,0,"240,777,765",0.00
2017-02-23,100220,VISANG,Stock certificates,0,0,0,"42,455",0.00,0,0,0,"655,323,050",0.00
2017-02-23,005180,Binggrae,Stock certificates,6,0,0,"14,609",0.04,"394,200",0,0,"954,891,684",0.04
2017-02-23,003960,SJDR,Stock certificates,143,0,0,"29,667",0.48,"2,840,600",0,0,"590,771,500",0.48
2017-02-23,008040,SAJODONGAONE,Stock certificates,0,0,0,"243,347",0.00,0,0,0,"405,023,985",0.00
2017-02-23,007160,SajoInd,Stock certificates,32,0,0,"24,154",0.13,"2,394,500",0,0,"1,808,062,700",0.13
2017-02-23,014710,SAJOSEAFOOD,Stock certificates,0,0,0,"52,108",0.00,0,0,0,"380,159,850",0.00
2017-02-23,006090,OYANG,Stock certificates,835,0,0,"40,793",2.05,"11,499,300",0,0,"560,411,650",2.05
2017-02-23,079660,SJ HP,Stock certificates,9,0,0,"6,171",0.15,"120,150",0,0,"82,317,850",0.15
2017-02-23,005090,SAMKWANG GLASS,Stock certificates,591,0,0,"3,591",16.46,"41,165,800",0,0,"250,264,200",16.45
2017-02-23,001470,SambuConst,Stock certificates,0,0,0,"159,115",0.00,0,0,0,"972,226,150",0.00
2017-02-23,006400,"SAMSUNG SDI CO.,LTD.",Stock certificates,"12,181",0,0,"197,088",6.18,"1,520,154,000",0,0,"24,579,780,500",6.18
2017-02-23,006405,SAMSUNG SDI(1P),Stock certificates,0,0,0,"2,175",0.00,0,0,0,"124,341,800",0.00
2017-02-23,006660,SamsungClimateContro,Stock certificates,0,0,0,"12,034",0.00,0,0,0,"140,556,800",0.00
2017-02-23,028260,SAMSUNG C&T,Stock certificates,"13,746",0,0,"290,739",4.73,"1,702,087,500",0,0,"36,009,371,000",4.73
2017-02-23,02826K,SAMSUNG C&T(1PB),Stock certificates,0,0,0,"1,097",0.00,0,0,0,"91,163,700",0.00
2017-02-23,207940,SAMSUNG BIOLOGICS,Stock certificates,"13,617",0,0,"144,561",9.42,"2,281,806,500",0,0,"24,194,032,000",9.43
2017-02-23,032830,SAMSUNG LIFE,Stock certificates,"6,178",0,0,"228,168",2.71,"659,686,500",0,0,"24,348,057,500",2.71
2017-02-23,018260,SAMSUNG SDS,Stock certificates,"6,799",0,0,"69,706",9.75,"885,627,500",0,0,"9,083,358,500",9.75
2017-02-23,028050,SamsungEng,Stock certificates,"76,370",0,0,"1,424,259",5.36,"934,400,150",0,0,"17,434,726,400",5.36
2017-02-23,009150,SamsungElecMech,Stock certificates,"39,903",0,0,"493,987",8.08,"2,424,315,600",0,0,"30,030,859,900",8.07
2017-02-23,009155,SamsungElecMech(1P),Stock certificates,0,0,0,"10,214",0.00,0,0,0,"288,091,100",0.00
2017-02-23,005930,SamsungElec,Stock certificates,"8,218",0,0,"204,346",4.02,"16,125,646,000",0,0,"400,994,268,720",4.02
2017-02-23,005935,SamsungElec(1P),Stock certificates,"1,216",0,0,"30,154",4.03,"1,890,726,000",0,0,"46,821,888,000",4.04
2017-02-23,001360,SAMSUNG PHARM,Stock certificates,"4,500",0,0,"77,251",5.83,"17,999,575",0,0,"308,978,095",5.83
2017-02-23,010140,SamsungHvyInd,Stock certificates,"83,931",0,0,"2,279,762",3.68,"916,836,700",0,0,"24,904,847,050",3.68
2017-02-23,010145,SamsungHvyInd(1P),Stock certificates,0,0,0,"1,793",0.00,0,0,0,"75,035,850",0.00
2017-02-23,016360,SamsungSecu,Stock certificates,"89,462",0,0,"284,836",31.41,"3,036,942,350",0,0,"9,670,583,600",31.40
2017-02-23,068290,SAMSUNG PUBLISHING,Stock certificates,1,0,0,"61,619",0.00,"11,950",0,0,"739,302,900",0.00
2017-02-23,029780,SAMSUNG CARD,Stock certificates,"9,366",0,0,"116,530",8.04,"395,714,150",0,0,"4,928,263,250",8.03
2017-02-23,000810,SamsungF&MIns,Stock certificates,"2,636",0,0,"194,912",1.35,"663,958,500",0,0,"49,098,436,500",1.35
2017-02-23,000815,SamsungF&MIns(1P),Stock certificates,1,0,0,"5,030",0.02,"175,000",0,0,"872,881,000",0.02
2017-02-23,006110,SamaAlum,Stock certificates,1,0,0,"12,419",0.01,"3,930",0,0,"48,354,595",0.01
2017-02-23,145990,SYC,Stock certificates,341,0,0,"9,129",3.74,"32,516,200",0,0,"870,175,000",3.74
2017-02-23,145995,SYC(1P),Stock certificates,0,0,0,676,0.00,0,0,0,"36,963,700",0.00
2017-02-23,003230,SamyangFood,Stock certificates,"2,117",0,0,"549,005",0.39,"120,989,600",0,0,"31,637,091,400",0.38
2017-02-23,002170,SamyangTongsang,Stock certificates,0,0,0,"7,217",0.00,0,0,0,"372,912,100",0.00
2017-02-23,000070,SAMYANGHOLDINGS,Stock certificates,109,0,0,"15,840",0.69,"11,584,500",0,0,"1,682,228,500",0.69
2017-02-23,000075,SAMYANGHOLDINGS(1P),Stock certificates,0,0,0,77,0.00,0,0,0,"4,426,500",0.00
2017-02-23,002810,SamyungTrdg,Stock certificates,"2,389",0,0,"64,956",3.68,"44,714,650",0,0,"1,220,785,650",3.66
2017-02-23,005680,SamyoungElec,Stock certificates,121,0,0,"29,262",0.41,"1,505,800",0,0,"363,946,650",0.41
2017-02-23,003720,SamyoungChem,Stock certificates,0,0,0,"532,260",0.00,0,0,0,"890,886,855",0.00
2017-02-23,023000,SAMWONSTEEL,Stock certificates,0,0,0,"14,618",0.00,0,0,0,"51,982,025",0.00
2017-02-23,004380,SAMICKTHK,Stock certificates,18,0,0,"48,538",0.04,"215,400",0,0,"577,772,250",0.04
2017-02-23,002450,SamickMusInstr,Stock certificates,"1,175",0,0,"184,072",0.64,"2,765,835",0,0,"434,387,370",0.64
2017-02-23,000520,SamilPharm,Stock certificates,1,0,0,"5,781",0.02,"8,490",0,0,"48,936,280",0.02
2017-02-23,009770,SAMJUNGPULP,Stock certificates,0,0,0,"2,471",0.00,0,0,0,"108,997,500",0.00
2017-02-23,005500,SamjinPharm,Stock certificates,946,0,0,"12,136",7.79,"30,799,050",0,0,"394,929,700",7.80
2017-02-23,004690,Samchully,Stock certificates,0,0,0,"8,472",0.00,0,0,0,"825,097,200",0.00
2017-02-23,001880,SamhoInt,Stock certificates,30,0,0,"2,642",1.14,"481,500",0,0,"42,463,200",1.13
2017-02-23,010960,SDC,Stock certificates,0,0,0,"124,194",0.00,0,0,0,"492,968,085",0.00
2017-02-23,004450,SamhwaCrown&Closure,Stock certificates,0,0,0,529,0.00,0,0,0,"22,968,100",0.00
2017-02-23,009470,SamwhaElec,Stock certificates,11,0,0,"27,931",0.04,"65,890",0,0,"167,026,680",0.04
2017-02-23,011230,SamwhaElec,Stock certificates,"3,609",0,0,"110,089",3.28,"7,386,815",0,0,"221,450,910",3.34
2017-02-23,001820,SamwhaCapacitor,Stock certificates,0,0,0,"38,994",0.00,0,0,0,"382,736,910",0.00
2017-02-23,000390,SamhwaPaint,Stock certificates,"3,874",0,0,"10,268",37.73,"34,900,580",0,0,"92,539,160",37.71
2017-02-23,041650,SANGSIN,Stock certificates,0,0,0,"2,468",0.00,0,0,0,"15,835,380",0.00
2017-02-23,075180,SAC,Stock certificates,0,0,0,"4,577",0.00,0,0,0,"36,284,860",0.00
2017-02-23,007540,SEMPIO,Stock certificates,0,0,0,"5,934",0.00,0,0,0,"224,821,450",0.00
2017-02-23,248170,SEMPIO FOODS,Stock certificates,181,0,0,"13,944",1.30,"6,117,800",0,0,"470,525,000",1.30
2017-02-23,007860,SEOYON,Stock certificates,"1,126",0,0,"77,765",1.45,"12,172,700",0,0,"845,696,100",1.44
2017-02-23,200880,SEOYONEHWA,Stock certificates,"4,908",0,0,"63,288",7.76,"76,066,600",0,0,"979,584,100",7.77
2017-02-23,017390,SeoulCtyGas,Stock certificates,0,0,0,33,0.00,0,0,0,"2,656,500",0.00
2017-02-23,004410,SeoulFoodInd,Stock certificates,1,0,0,"18,042",0.01,"3,550",0,0,"63,876,950",0.01
2017-02-23,004415,SeoulFoodInd(1P),Stock certificates,0,0,0,242,0.00,0,0,0,"8,216,000",0.00
2017-02-23,021050,Seowon,Stock certificates,"68,687",0,0,"5,650,194",1.22,"107,734,090",0,0,"8,863,296,525",1.22
2017-02-23,008490,SUHEUNG,Stock certificates,120,0,0,"12,554",0.96,"4,332,550",0,0,"451,769,650",0.96
2017-02-23,007610,SeondoElec,Stock certificates,927,0,0,"90,530",1.02,"3,310,290",0,0,"322,415,530",1.03
2017-02-23,136490,SUNJIN,Stock certificates,1,0,0,"29,988",0.00,"32,400",0,0,"973,678,350",0.00
2017-02-23,002820,Sunchang,Stock certificates,167,0,0,"48,993",0.34,"1,803,600",0,0,"531,588,300",0.34
2017-02-23,014910,SungmoonElec,Stock certificates,"4,613",0,0,"926,162",0.50,"15,133,475",0,0,"2,991,538,005",0.51
2017-02-23,014915,SungmoonElec(1P),Stock certificates,0,0,0,"41,249",0.00,0,0,0,"324,105,170",0.00
2017-02-23,003080,SungboChem,Stock certificates,33,0,0,"29,778",0.11,"197,550",0,0,"177,880,010",0.11
2017-02-23,004980,SungshinCement,Stock certificates,24,0,0,"97,953",0.02,"176,010",0,0,"714,952,220",0.02
2017-02-23,004987,SungshinCement(2PB),Stock certificates,0,0,0,"3,819",0.00,0,0,0,"31,371,770",0.00
2017-02-23,004989,SungshinCement(3PB),Stock certificates,0,0,0,918,0.00,0,0,0,"7,358,500",0.00
2017-02-23,004985,SungshinCement(1P),Stock certificates,0,0,0,"42,342",0.00,0,0,0,"235,013,480",0.00
2017-02-23,011300,Seongan,Stock certificates,0,0,0,"119,783",0.00,0,0,0,"102,921,897",0.00
2017-02-23,005980,SungjeeConst,Stock certificates,583,0,0,"847,177",0.07,"1,130,110",0,0,"1,644,857,360",0.07
2017-02-23,000180,SCEHoldings,Stock certificates,"6,253",0,0,"189,699",3.30,"19,649,135",0,0,"596,335,775",3.29
2017-02-23,002420,Century,Stock certificates,0,0,0,"3,698",0.00,0,0,0,"285,707,200",0.00
2017-02-23,004360,SEBANG,Stock certificates,0,0,0,"25,352",0.00,0,0,0,"388,962,400",0.00
2017-02-23,004365,SEBANG(1P),Stock certificates,0,0,0,4,0.00,0,0,0,"31,450",0.00
2017-02-23,004490,SGBC,Stock certificates,375,0,0,"17,051",2.20,"13,499,050",0,0,"613,169,700",2.20
2017-02-23,001430,SBC,Stock certificates,"1,416",0,0,"36,848",3.84,"37,535,000",0,0,"976,271,850",3.84
2017-02-23,003030,SeAhStl,Stock certificates,217,0,0,"19,691",1.10,"23,818,500",0,0,"2,163,568,000",1.10
2017-02-23,019440,SeAH SPECIAL STEEL,Stock certificates,0,0,0,"3,081",0.00,0,0,0,"64,180,950",0.00
2017-02-23,058650,SAH,Stock certificates,0,0,0,276,0.00,0,0,0,"37,149,500",0.00
2017-02-23,013000,Sewooglobal,Stock certificates,635,0,0,"11,253,736",0.01,"1,727,200",0,0,"30,845,147,310",0.01
2017-02-23,091090,SEWON CELLONTECH,Stock certificates,"8,700",0,0,"129,471",6.72,"22,624,435",0,0,"336,711,230",6.72
2017-02-23,021820,SewonPrecsnInd,Stock certificates,1,0,0,"1,319",0.08,"17,900",0,0,"23,535,100",0.08
2017-02-23,067830,SAVEZONEI&C,Stock certificates,0,0,0,"53,071",0.00,0,0,0,"277,271,510",0.00
2017-02-23,033530,SEJONG,Stock certificates,0,0,0,"35,917",0.00,0,0,0,"352,426,210",0.00
2017-02-23,075580,SEJIN HEAVY,Stock certificates,"4,245",0,0,"48,804",8.70,"12,789,660",0,0,"146,840,870",8.71
2017-02-23,027970,seha,Stock certificates,0,0,0,"42,246",0.00,0,0,0,"94,310,060",0.00
2017-02-23,145210,SAEHWA IMC,Stock certificates,0,0,0,"55,849",0.00,0,0,0,"372,339,850",0.00
2017-02-23,004430,SongwonInd,Stock certificates,"1,028",0,0,"125,515",0.82,"17,735,100",0,0,"2,165,042,700",0.82
2017-02-23,017550,SoosanHvyInd,Stock certificates,0,0,0,"158,606",0.00,0,0,0,"301,607,010",0.00
2017-02-23,002200,KorExptPkgInd,Stock certificates,0,0,0,"1,618",0.00,0,0,0,"29,982,850",0.00
2017-02-23,003060,Schnell Biopharmaceuticals,Stock certificates,"4,799",0,0,"235,400",2.04,"17,285,610",0,0,"847,069,950",2.04
2017-02-23,053210,KT Skylife,Stock certificates,27,0,0,"59,745",0.05,"442,600",0,0,"984,622,650",0.04
2017-02-23,016590,ShindaeyangPapr,Stock certificates,0,0,0,"23,870",0.00,0,0,0,"567,700,050",0.00
2017-02-23,029530,SINDOH,Stock certificates,55,0,0,"16,329",0.34,"2,862,800",0,0,"847,589,600",0.34
2017-02-23,004970,Silla,Stock certificates,0,0,0,"13,011",0.00,0,0,0,"209,722,750",0.00
2017-02-23,011930,SHINSUNG SE,Stock certificates,"13,342",0,0,"399,841",3.34,"25,696,715",0,0,"770,745,990",3.33
2017-02-23,005390,ShinsungTongsang,Stock certificates,"10,043",0,0,"890,966",1.13,"13,055,840",0,0,"1,153,570,620",1.13
2017-02-23,004170,Shinsegae,Stock certificates,"12,914",0,0,"149,713",8.63,"2,550,688,000",0,0,"29,566,899,500",8.63
2017-02-23,035510,SHINSEGAE I&C,Stock certificates,0,0,0,"3,655",0.00,0,0,0,"266,976,500",0.00
2017-02-23,034300,ShinsegaeE&C,Stock certificates,0,0,0,"5,663",0.00,0,0,0,"218,340,500",0.00
2017-02-23,031430,SHINSEGAE INTERNATIONAL,Stock certificates,0,0,0,"18,758",0.00,0,0,0,"1,238,553,500",0.00
2017-02-23,031440,SF,Stock certificates,1,0,0,"19,177",0.01,"146,000",0,0,"2,886,060,000",0.01
2017-02-23,006880,SINGSONGHOLDINGS,Stock certificates,0,0,0,"12,287",0.00,0,0,0,"77,405,540",0.00
2017-02-23,005800,ShinyoungWacoal,Stock certificates,0,0,0,357,0.00,0,0,0,"65,160,000",0.00
2017-02-23,001720,ShinyoungSecu,Stock certificates,24,0,0,"6,780",0.35,"1,256,400",0,0,"354,572,700",0.35
2017-02-23,001725,ShinyoungSecu(1P),Stock certificates,0,0,0,273,0.00,0,0,0,"13,328,700",0.00
2017-02-23,009270,Shinwon,Stock certificates,89,0,0,"39,494",0.23,"152,630",0,0,"67,738,190",0.23
2017-02-23,009275,Shinwon(1P),Stock certificates,0,0,0,897,0.00,0,0,0,"17,954,400",0.00
2017-02-23,002700,ShinilInd,Stock certificates,"25,637",0,0,"1,903,279",1.35,"51,786,090",0,0,"3,832,371,690",1.35
2017-02-23,019170,ShinpoongPharm,Stock certificates,83,0,0,"69,131",0.12,"468,930",0,0,"388,751,630",0.12
2017-02-23,019175,ShinpoongPharm(1P),Stock certificates,0,0,0,"1,319",0.00,0,0,0,"5,668,405",0.00
2017-02-23,002870,ShinpoongPaprMfg,Stock certificates,0,0,0,"50,947",0.00,0,0,0,"567,143,350",0.00
2017-02-23,005450,ShinhanEng&Const,Stock certificates,0,0,0,"10,150",0.00,0,0,0,"54,218,710",0.00
2017-02-23,055550,ShinhanGroup,Stock certificates,"23,124",0,0,"837,757",2.76,"1,088,665,100",0,0,"39,419,672,895",2.76
2017-02-23,001770,ShinhwaSilup,Stock certificates,0,0,0,"5,676",0.00,0,0,0,"149,478,600",0.00
2017-02-23,004080,Shinhung,Stock certificates,0,0,0,"1,077",0.00,0,0,0,"11,532,650",0.00
2017-02-23,102280,SBW,Stock certificates,"11,061",0,0,"2,118,229",0.52,"21,235,480",0,0,"4,053,758,095",0.52
2017-02-23,047400,SSYMaterials,Stock certificates,661,0,0,"197,919",0.33,"1,916,435",0,0,"573,841,410",0.33
2017-02-23,003410,SsangyongCement,Stock certificates,"18,003",0,0,"86,923",20.71,"273,541,900",0,0,"1,322,217,600",20.69
2017-02-23,003419,SsangyongCement(3PB),Stock certificates,0,0,0,"1,649",0.00,0,0,0,"25,264,550",0.00
2017-02-23,003415,SsangyongCement(1P),Stock certificates,0,0,0,"7,014",0.00,0,0,0,"94,037,500",0.00
2017-02-23,003620,SsangyongMtr,Stock certificates,977,0,0,"159,301",0.61,"7,916,300",0,0,"1,291,511,890",0.61
2017-02-23,004770,SunnyElec,Stock certificates,245,0,0,"9,330,101",0.00,"1,167,895",0,0,"45,063,544,865",0.00
2017-02-23,004920,CITECH,Stock certificates,40,0,0,"168,664",0.02,"33,080",0,0,"140,182,294",0.02
2017-02-23,112610,CSWIND,Stock certificates,25,0,0,"18,282",0.14,"423,900",0,0,"309,034,600",0.14
2017-02-23,008700,AnamElec,Stock certificates,"7,794",0,0,"17,561,060",0.04,"11,872,735",0,0,"27,038,215,270",0.04
2017-02-23,002790,AmoreG,Stock certificates,"11,404",0,0,"112,176",10.17,"1,373,452,500",0,0,"13,504,653,000",10.17
2017-02-23,002795,AmoreG(1P),Stock certificates,36,0,0,"11,326",0.32,"1,896,500",0,0,"592,905,400",0.32
2017-02-23,090430,AMOREPACIFIC,Stock certificates,"27,314",0,0,"161,495",16.91,"7,855,310,000",0,0,"46,526,487,500",16.88
2017-02-23,090435,AMOREPACIFIC(1P),Stock certificates,132,0,0,"23,129",0.57,"20,594,500",0,0,"3,608,396,000",0.57
2017-02-23,090370,AVISTA,Stock certificates,0,0,0,"2,464,092",0.00,0,0,0,"1,861,286,668",0.00
2017-02-23,002030,ASIA HOLDINGS,Stock certificates,0,0,0,"1,354",0.00,0,0,0,"132,491,200",0.00
2017-02-23,183190,ASIACEMENT,Stock certificates,156,0,0,"3,528",4.42,"11,965,900",0,0,"270,919,600",4.42
2017-02-23,002310,AsiaPaprMfg,Stock certificates,787,0,0,"12,201",6.45,"15,178,900",0,0,"235,402,550",6.45
2017-02-23,083570,AsiaPacificNo.10,Ship investment company,0,0,0,0,0.00,0,0,0,0,0.00
2017-02-23,083580,AsiaPacificNo.11,Ship investment company,0,0,0,"12,805",0.00,0,0,0,"60,435,305",0.00
2017-02-23,083590,AsiaPacificNo.12,Ship investment company,0,0,0,342,0.00,0,0,0,"1,582,675",0.00
2017-02-23,083600,AsiaPacificNo.13,Ship investment company,0,0,0,0,0.00,0,0,0,0,0.00
2017-02-23,083610,AsiaPacificNo.14,Ship investment company,0,0,0,0,0.00,0,0,0,0,0.00
2017-02-23,083620,AsiaPacificNo.15,Ship investment company,0,0,0,0,0.00,0,0,0,0,0.00
2017-02-23,020560,Asiana Airlines,Stock certificates,"224,400",0,0,"2,855,423",7.86,"1,007,659,435",0,0,"12,824,181,705",7.86
2017-02-23,122900,iMarketKorea,Stock certificates,"1,084",0,0,"121,351",0.89,"12,468,950",0,0,"1,392,695,700",0.90
2017-02-23,010780,IS DONGSEO,Stock certificates,"10,748",0,0,"73,647",14.59,"473,237,750",0,0,"3,244,498,550",14.59
2017-02-23,039570,I Controls,Stock certificates,0,0,0,816,0.00,0,0,0,"22,849,600",0.00
2017-02-23,033660,AJU CAPITAL,Stock certificates,0,0,0,"9,577",0.00,0,0,0,"64,958,710",0.00
2017-02-23,101140,ARTIS,Stock certificates,0,0,0,"111,497",0.00,0,0,0,"218,672,725",0.00
2017-02-23,001780,ALUKO,Stock certificates,"15,042",0,0,"770,778",1.95,"83,968,220",0,0,"4,282,930,140",1.96
2017-02-23,002250,ALVOGEN KOREA,Stock certificates,716,0,0,"14,750",4.85,"17,625,400",0,0,"364,334,250",4.84
2017-02-23,007630,AMNIS,Stock certificates,5,0,0,"75,815",0.01,"15,750",0,0,"237,158,510",0.01
2017-02-23,161000,AK Petrochemical,Stock certificates,"9,859",0,0,"121,465",8.12,"118,432,350",0,0,"1,457,550,950",8.13
2017-02-23,011090,Enex,Stock certificates,"31,615",0,0,"4,048,720",0.78,"95,793,195",0,0,"12,306,410,660",0.78
2017-02-23,005850,SLCORP,Stock certificates,"2,501",0,0,"87,054",2.87,"61,340,000",0,0,"2,128,086,800",2.88
2017-02-23,012750,S-1,Stock certificates,"2,957",0,0,"46,721",6.33,"262,922,000",0,0,"4,158,014,900",6.32
2017-02-23,023960,SC ENGINEERING,Stock certificates,11,0,0,"17,523",0.06,"33,885",0,0,"53,776,300",0.06
2017-02-23,078520,ABLE C&C,Stock certificates,"1,217",0,0,"128,871",0.94,"27,128,650",0,0,"2,874,987,850",0.94
2017-02-23,015260,A&P,Stock certificates,499,0,0,"341,518",0.15,"1,114,255",0,0,"761,539,790",0.15
2017-02-23,036570,NCsoft,Stock certificates,"2,976",0,0,"82,303",3.62,"909,541,000",0,0,"25,124,775,500",3.62
2017-02-23,138250,NS Shopping,Stock certificates,337,0,0,"8,865",3.80,"55,281,500",0,0,"1,452,887,500",3.80
2017-02-23,085310,NK,Stock certificates,"6,145",0,0,"715,667",0.86,"17,412,415",0,0,"2,009,352,000",0.87
2017-02-23,069640,MKTREND,Stock certificates,0,0,0,"11,895",0.00,0,0,0,"150,504,250",0.00
2017-02-23,014440,YoungboChem,Stock certificates,146,0,0,"114,875",0.13,"714,705",0,0,"562,669,950",0.13
2017-02-23,111770,Youngone Corp,Stock certificates,"12,267",0,0,"199,141",6.16,"367,339,000",0,0,"5,961,621,800",6.16
2017-02-23,009970,YoungoneHoldings,Stock certificates,149,0,0,"1,150",12.96,"8,432,600",0,0,"64,832,300",13.01
2017-02-23,003520,YungjinPharm,Stock certificates,"42,214",0,0,"1,268,243",3.33,"312,771,500",0,0,"9,402,723,620",3.33
2017-02-23,000670,Youngpoong,Stock certificates,46,0,0,"1,647",2.79,"46,726,000",0,0,"1,672,948,000",2.79
2017-02-23,006740,YoungpoongPaprMfg,Stock certificates,2,0,0,"95,170",0.00,"5,650",0,0,"262,497,430",0.00
2017-02-23,012280,YeonghwaMtl,Stock certificates,"35,762",0,0,"842,907",4.24,"71,583,650",0,0,"1,690,808,485",4.23
2017-02-23,012160,YOUNG HEUNG I&S,Stock certificates,138,0,0,"122,387",0.11,"238,085",0,0,"210,525,060",0.11
2017-02-23,015360,YESCO,Stock certificates,1,0,0,"1,855",0.05,"37,500",0,0,"69,289,900",0.05
2017-02-23,007310,Ottogi,Stock certificates,"1,507",0,0,"16,663",9.04,"1,116,545,000",0,0,"12,367,023,000",9.03
2017-02-23,002630,OBI,Stock certificates,"14,840",0,0,"959,787",1.55,"22,696,300",0,0,"1,469,453,950",1.54
2017-02-23,001800,ORION,Stock certificates,"1,764",0,0,"15,312",11.52,"1,213,731,000",0,0,"10,530,167,000",11.53
2017-02-23,010600,YBROAD,Stock certificates,1,0,0,"39,403",0.00,"2,050",0,0,"80,485,760",0.00
2017-02-23,070960,YP,Stock certificates,"15,986",0,0,"277,463",5.76,"144,558,670",0,0,"2,508,975,870",5.76
2017-02-23,004720,WOORIDUL PHARM,Stock certificates,8,0,0,"125,046",0.01,"126,400",0,0,"1,964,675,800",0.01
2017-02-23,118000,WOORIDUL HUEBRAIN,Stock certificates,818,0,0,"212,522",0.38,"7,968,930",0,0,"2,067,536,910",0.39
2017-02-23,000030,Woori Bank,Stock certificates,"2,732",0,0,"588,168",0.46,"36,975,000",0,0,"7,940,973,100",0.47
2017-02-23,010050,WIB,Stock certificates,"10,491",0,0,"3,390,568",0.31,"7,018,822",0,0,"2,266,663,515",0.31
2017-02-23,006980,WoosungFeed,Stock certificates,"35,893",0,0,"3,234,569",1.11,"129,833,545",0,0,"11,691,318,470",1.11
2017-02-23,017370,WooshinSystems,Stock certificates,0,0,0,"195,999",0.00,0,0,0,"995,057,350",0.00
2017-02-23,105840,WOOJIN,Stock certificates,124,0,0,"30,827",0.40,"686,080",0,0,"169,927,890",0.40
2017-02-23,049800,WOOJIN PLAIMM,Stock certificates,0,0,0,"14,055",0.00,0,0,0,"109,047,520",0.00
2017-02-23,016880,WOONGJIN,Stock certificates,113,0,0,"90,987",0.12,"282,500",0,0,"226,085,955",0.12
2017-02-23,095720,WOONGJIN THINKBIG,Stock certificates,"1,846",0,0,"44,298",4.17,"16,361,080",0,0,"392,616,790",4.17
2017-02-23,103130,WoongjinEnergy,Stock certificates,"7,202",0,0,"54,756",13.15,"33,729,590",0,0,"256,503,630",13.15
2017-02-23,005820,Wonlim,Stock certificates,0,0,0,678,0.00,0,0,0,"16,762,850",0.00
2017-02-23,008600,WillBes,Stock certificates,"112,778",0,0,"1,224,676",9.21,"361,513,635",0,0,"3,940,378,650",9.17
2017-02-23,033270,KUP,Stock certificates,14,0,0,"15,006",0.09,"249,200",0,0,"267,086,800",0.09
2017-02-23,014830,UNID,Stock certificates,0,0,0,"13,572",0.00,0,0,0,"592,250,350",0.00
2017-02-23,000910,Union,Stock certificates,0,0,0,"133,242",0.00,0,0,0,"573,390,755",0.00
2017-02-23,011330,UNI CHEM,Stock certificates,"3,209",0,0,"960,753",0.33,"5,511,860",0,0,"1,600,417,115",0.34
2017-02-23,077500,Uniquest,Stock certificates,"4,645",0,0,"167,625",2.77,"28,832,520",0,0,"1,043,858,380",2.76
2017-02-23,002920,YoosungEnt,Stock certificates,0,0,0,"37,446",0.00,0,0,0,"165,238,495",0.00
2017-02-23,000700,EUSU HOLDINGS,Stock certificates,"1,733",0,0,"29,180",5.94,"12,018,930",0,0,"202,209,950",5.94
2017-02-23,003470,Yuanta Securities,Stock certificates,"6,030",0,0,"280,548",2.15,"20,597,155",0,0,"957,822,960",2.15
2017-02-23,003475,Yuanta Securities(1P),Stock certificates,0,0,0,"13,486",0.00,0,0,0,"31,395,535",0.00
2017-02-23,011690,YUYANG D&U,Stock certificates,"7,052",0,0,"404,383",1.74,"27,589,635",0,0,"1,568,840,040",1.76
2017-02-23,072130,UANGEL,Stock certificates,491,0,0,"50,729",0.97,"2,699,940",0,0,"278,472,100",0.97
2017-02-23,000220,YuyuPharma,Stock certificates,0,0,0,"17,288",0.00,0,0,0,"156,680,560",0.00
2017-02-23,000225,YuyuPharma(1P),Stock certificates,0,0,0,"1,068",0.00,0,0,0,"6,254,410",0.00
2017-02-23,000227,YuyuPharma(2PB),Stock certificates,0,0,0,16,0.00,0,0,0,"201,600",0.00
2017-02-23,001200,EUGENEIS,Stock certificates,526,0,0,"282,818",0.19,"1,453,495",0,0,"784,154,235",0.19
2017-02-23,000100,Yuhan,Stock certificates,"3,354",0,0,"128,490",2.61,"737,050,000",0,0,"28,173,855,500",2.62
2017-02-23,000105,Yuhan(1P),Stock certificates,0,0,0,87,0.00,0,0,0,"14,537,500",0.00
2017-02-23,003460,YuhwaSecu,Stock certificates,0,0,0,"1,791",0.00,0,0,0,"26,506,950",0.00
2017-02-23,003465,YuhwaSecu(1P),Stock certificates,0,0,0,668,0.00,0,0,0,"9,418,800",0.00
2017-02-23,008730,YoulchonChem,Stock certificates,430,0,0,"16,450",2.61,"5,934,150",0,0,"226,546,050",2.62
2017-02-23,008250,EagonInd,Stock certificates,"1,747",0,0,"57,157",3.06,"19,644,050",0,0,"641,396,750",3.06
2017-02-23,025820,LeekuInd,Stock certificates,"6,135",0,0,"1,679,267",0.37,"15,805,155",0,0,"4,283,278,320",0.37
2017-02-23,214320,INNOCEAN,Stock certificates,"5,948",0,0,"50,142",11.86,"366,777,800",0,0,"3,088,651,700",11.88
2017-02-23,139480,emart,Stock certificates,739,0,0,"132,289",0.56,"157,663,000",0,0,"28,354,507,500",0.56
2017-02-23,007660,ISUPETASYS,Stock certificates,"23,833",0,0,"448,727",5.31,"115,820,115",0,0,"2,178,262,895",5.32
2017-02-23,005950,IsuChem,Stock certificates,"8,101",0,0,"59,377",13.64,"145,710,300",0,0,"1,068,680,700",13.63
2017-02-23,015020,e-STARCO,Stock certificates,"1,254",0,0,"258,293",0.49,"1,503,065",0,0,"310,023,510",0.48
2017-02-23,093230,EID,Stock certificates,"11,339",0,0,"1,803,079",0.63,"7,245,035",0,0,"1,147,739,022",0.63
2017-02-23,074610,EN3,Stock certificates,955,0,0,"107,636",0.89,"2,559,300",0,0,"288,661,170",0.89
2017-02-23,102460,REYON,Stock certificates,7,0,0,"17,946",0.04,"205,000",0,0,"521,622,700",0.04
2017-02-23,084680,E-WORLD,Stock certificates,812,0,0,"797,077",0.10,"1,894,135",0,0,"1,878,417,670",0.10
2017-02-23,000760,RIFA,Stock certificates,0,0,0,"13,512",0.00,0,0,0,"261,428,000",0.00
2017-02-23,014990,In the F,Stock certificates,"1,190",0,0,"551,463",0.22,"1,965,275",0,0,"906,102,470",0.22
2017-02-23,006490,INSCOB,Stock certificates,"20,923",0,0,"491,013",4.26,"38,723,575",0,0,"911,192,250",4.25
2017-02-23,023800,Inzi,Stock certificates,0,0,0,"22,289",0.00,0,0,0,"114,450,530",0.00
2017-02-23,034590,INCHEON CITY GAS,Stock certificates,0,0,0,58,0.00,0,0,0,"1,739,050",0.00
2017-02-23,129260,INTERGIS,Stock certificates,0,0,0,"48,380",0.00,0,0,0,"160,450,590",0.00
2017-02-23,023810,INFAC,Stock certificates,0,0,0,"6,273",0.00,0,0,0,"41,685,810",0.00
2017-02-23,249420,ILDONG PHARM,Stock certificates,0,0,0,"22,394",0.00,0,0,0,"423,001,300",0.00
2017-02-23,000230,ILDONG HOLDINGS,Stock certificates,7,0,0,"11,052",0.06,"143,150",0,0,"225,807,550",0.06
2017-02-23,013360,IlsungConst,Stock certificates,1,0,0,"1,722",0.06,"8,920",0,0,"15,381,460",0.06
2017-02-23,013367,ILSUNG CONST (2PB),Stock certificates,0,0,0,"1,240",0.00,0,0,0,"47,383,200",0.00
2017-02-23,003120,IlsungPharm,Stock certificates,21,0,0,614,3.42,"2,719,500",0,0,"78,904,000",3.45
2017-02-23,003200,IlshinSpng,Stock certificates,37,0,0,"3,610",1.02,"4,342,500",0,0,"420,238,000",1.03
2017-02-23,007110,IlshinStone,Stock certificates,6,0,0,"437,452",0.00,"8,070",0,0,"586,715,330",0.00
2017-02-23,007570,IlyangPharm,Stock certificates,"4,656",0,0,"89,886",5.18,"187,022,050",0,0,"3,618,580,450",5.17
2017-02-23,007575,IlyangPharm(1P),Stock certificates,0,0,0,906,0.00,0,0,0,"22,467,400",0.00
2017-02-23,008500,IljeongInd,Stock certificates,0,0,0,630,0.00,0,0,0,"18,182,050",0.00
2017-02-23,081000,ILJIN DIAMOND,Stock certificates,0,0,0,"15,612",0.00,0,0,0,"124,716,500",0.00
2017-02-23,020760,ILJINDISPLAY,Stock certificates,"17,607",0,0,"221,230",7.96,"114,685,380",0,0,"1,437,226,800",7.98
2017-02-23,020150,ILJIN MATERIALS,Stock certificates,"4,211",0,0,"297,723",1.41,"63,321,100",0,0,"4,499,162,550",1.41
2017-02-23,103590,ILJIN ELECTRIC,Stock certificates,0,0,0,"19,654",0.00,0,0,0,"90,801,375",0.00
2017-02-23,015860,ILJINHOLDINGS,Stock certificates,"2,918",0,0,"77,966",3.74,"16,679,410",0,0,"445,888,500",3.74
2017-02-23,226320,ITSSKIN,Stock certificates,"2,285",0,0,"64,015",3.57,"111,218,800",0,0,"3,123,401,950",3.56
2017-02-23,033240,JahwaElec,Stock certificates,"2,759",0,0,"52,410",5.26,"50,406,250",0,0,"956,396,200",5.27
2017-02-23,000950,Chonbang,Stock certificates,0,0,0,"2,089",0.00,0,0,0,"60,925,250",0.00
2017-02-23,194370,JS CORP,Stock certificates,91,0,0,"48,405",0.19,"1,515,300",0,0,"814,106,250",0.19
2017-02-23,025620,JAYJUN,Stock certificates,"11,827",0,0,"5,429,485",0.22,"94,970,990",0,0,"43,842,849,470",0.22
2017-02-23,030000,CheilWorldwide,Stock certificates,"5,814",0,0,"382,133",1.52,"111,555,650",0,0,"7,311,008,250",1.53
2017-02-23,002620,JeilPharm,Stock certificates,"6,958",0,0,"84,207",8.26,"474,766,500",0,0,"5,768,589,700",8.23
2017-02-23,001560,CHEILGRINDING,Stock certificates,1,0,0,"12,748",0.01,"6,150",0,0,"78,910,620",0.01
2017-02-23,006220,Jeju BK,Stock certificates,0,0,0,"29,724",0.00,0,0,0,"215,638,610",0.00
2017-02-23,089590,JEJUAIR,Stock certificates,160,0,0,"180,276",0.09,"4,344,000",0,0,"4,909,883,500",0.09
2017-02-23,004910,ChokwangPaint,Stock certificates,423,0,0,"46,251",0.91,"4,510,600",0,0,"496,673,300",0.91
2017-02-23,004700,ChokwangLeat,Stock certificates,280,0,0,"5,981",4.68,"12,052,600",0,0,"257,458,250",4.68
2017-02-23,001550,Chobi,Stock certificates,1,0,0,"11,692",0.01,"12,700",0,0,"148,591,500",0.01
2017-02-23,000480,ChosunRefrctr,Stock certificates,0,0,0,983,0.00,0,0,0,"84,263,700",0.00
2017-02-23,120030,CHOSUN WELDING,Stock certificates,0,0,0,"1,949",0.00,0,0,0,"148,676,000",0.00
2017-02-23,018470,CHOILALUMINUM,Stock certificates,"1,337",0,0,"526,054",0.25,"2,061,610",0,0,"804,621,265",0.26
2017-02-23,002600,CHOHEUNG,Stock certificates,0,0,0,282,0.00,0,0,0,"60,317,000",0.00
2017-02-23,185750,CHONGKUNDANG,Stock certificates,728,0,0,"66,403",1.10,"80,813,500",0,0,"7,366,085,000",1.10
2017-02-23,063160,CKDBio,Stock certificates,0,0,0,"17,861",0.00,0,0,0,"424,465,150",0.00
2017-02-23,001630,CHONGKUNDANG HOLDINGS,Stock certificates,687,0,0,"28,069",2.45,"42,823,000",0,0,"1,757,148,300",2.44
2017-02-23,044380,JOOYONTECH,Stock certificates,"19,832",0,0,"611,643",3.24,"27,870,735",0,0,"857,268,140",3.25
2017-02-23,900050,CHINA OCEAN,Foreign stock certificates,"1,867",0,0,"1,001,574",0.19,"2,159,620",0,0,"1,146,787,080",0.19
2017-02-23,013870,GMB Korea,Stock certificates,0,0,0,"93,404",0.00,0,0,0,"508,155,630",0.00
2017-02-23,071320,KDHC,Stock certificates,32,0,0,"6,430",0.50,"2,107,300",0,0,"423,658,200",0.50
2017-02-23,010580,JICO,Stock certificates,818,0,0,"479,210",0.17,"862,965",0,0,"500,857,930",0.17
2017-02-23,035000,GR,Stock certificates,0,0,0,"15,051",0.00,0,0,0,"129,159,190",0.00
2017-02-23,088790,JINDO,Stock certificates,1,0,0,"52,896",0.00,"5,300",0,0,"281,925,490",0.00
2017-02-23,003780,Chinyang Industry,Stock certificates,195,0,0,"63,895",0.31,"828,860",0,0,"271,433,775",0.31
2017-02-23,010640,ChinYangPoly,Stock certificates,0,0,0,"31,417",0.00,0,0,0,"77,295,900",0.00
2017-02-23,100250,Chinyang Holdings,Stock certificates,2,0,0,"28,507",0.01,"6,530",0,0,"93,179,150",0.01
2017-02-23,051630,ChinYangChem,Stock certificates,0,0,0,"58,989",0.00,0,0,0,"193,908,955",0.00
2017-02-23,011000,GENEONE,Stock certificates,"5,172",0,0,"108,816",4.75,"52,978,550",0,0,"1,116,156,400",4.75
2017-02-23,002780,ChinhungInt,Stock certificates,0,0,0,0,0.00,0,0,0,0,0.00
2017-02-23,002787,CHINHUNG INT (2PB),Stock certificates,0,0,0,0,0.00,0,0,0,0,0.00
2017-02-23,002785,CHINHUNG INT(1PB),Stock certificates,0,0,0,0,0.00,0,0,0,0,0.00
2017-02-23,009310,Charm Engineering,Stock certificates,681,0,0,"197,827",0.34,"1,833,815",0,0,"532,801,550",0.34
2017-02-23,000650,ChunilExp,Stock certificates,86,0,0,"1,156",7.44,"7,709,100",0,0,"103,416,400",7.45
2017-02-23,012600,CHUNGHO,Stock certificates,0,0,0,"3,103",0.00,0,0,0,"13,414,915",0.00
2017-02-23,033250,CHASYS,Stock certificates,96,0,0,"464,657",0.02,"144,000",0,0,"691,122,865",0.02
2017-02-23,006380,CAPRO,Stock certificates,"39,492",0,0,"457,688",8.63,"327,690,400",0,0,"3,799,873,020",8.62
2017-02-23,029460,KCTech,Stock certificates,"7,526",0,0,"108,115",6.96,"100,610,000",0,0,"1,444,165,950",6.97
2017-02-23,145270,KTOPREITs,Real estate investment company,10,0,0,"645,781",0.00,"16,350",0,0,"1,057,148,815",0.00
2017-02-23,058860,ktis,Stock certificates,0,0,0,"89,494",0.00,0,0,0,"316,633,530",0.00
2017-02-23,900140,Kolao Holdings,Foreign stock certificates,"14,643",0,0,"190,771",7.68,"117,743,260",0,0,"1,531,924,610",7.69
2017-02-23,090970,KoreaPacific01,Ship investment company,0,0,0,"1,421,725",0.00,0,0,0,"3,319,388,680",0.00
2017-02-23,090980,KoreaPacific02,Ship investment company,"1,471",0,0,"138,541",1.06,"1,267,830",0,0,"119,405,977",1.06
2017-02-23,090990,KoreaPacific03,Ship investment company,0,0,0,"81,407",0.00,0,0,0,"69,301,120",0.00
2017-02-23,091000,KoreaPacific04,Ship investment company,0,0,0,"72,118",0.00,0,0,0,"61,753,519",0.00
2017-02-23,007815,KorCirc(1P),Stock certificates,0,0,0,"6,146",0.00,0,0,0,"27,195,130",0.00
2017-02-23,007810,KorCirc,Stock certificates,"28,426",0,0,"472,247",6.02,"368,695,200",0,0,"6,192,009,500",5.95
2017-02-23,00781K,KOR CIRC(2PB),Stock certificates,0,0,0,"2,668",0.00,0,0,0,"14,158,520",0.00
2017-02-23,152330,KOREA AUTOGLASS,Stock certificates,"1,011",0,0,"32,920",3.07,"17,671,350",0,0,"575,666,750",3.07
2017-02-23,003690,Korean Re,Stock certificates,"9,875",0,0,"269,944",3.66,"110,106,250",0,0,"3,011,714,800",3.66
2017-02-23,192820,COSMAX,Stock certificates,"11,980",0,0,"77,573",15.44,"1,655,771,500",0,0,"10,707,737,000",15.46
2017-02-23,044820,COSMAX bti,Stock certificates,937,0,0,"20,541",4.56,"32,579,600",0,0,"714,391,750",4.56
2017-02-23,005070,CosmoAM&T,Stock certificates,0,0,0,"44,004",0.00,0,0,0,"211,203,655",0.00
2017-02-23,005420,COSMOCHEM,Stock certificates,912,0,0,"32,324",2.82,"4,165,630",0,0,"146,736,410",2.84
2017-02-23,071950,KOAS,Stock certificates,375,0,0,"199,817",0.19,"564,375",0,0,"301,992,555",0.19
2017-02-23,002020,KOLON CORP,Stock certificates,"2,914",0,0,"65,672",4.44,"171,842,800",0,0,"3,889,967,000",4.42
2017-02-23,003070,KolonGlobal,Stock certificates,115,0,0,"30,914",0.37,"1,591,700",0,0,"425,535,850",0.37
2017-02-23,003075,KolonGlobal(1P),Stock certificates,0,0,0,"6,919",0.00,0,0,0,"85,014,250",0.00
2017-02-23,144620,KolonMaterial,Stock certificates,"2,293",0,0,"653,432",0.35,"32,600,700",0,0,"8,655,252,650",0.38
2017-02-23,002025,KOLON CORP(1P),Stock certificates,0,0,0,"1,942",0.00,0,0,0,"49,195,950",0.00
2017-02-23,120110,KOLON IND,Stock certificates,"1,181",0,0,"84,334",1.40,"84,261,600",0,0,"6,021,078,600",1.40
2017-02-23,120115,KOLON IND(1P),Stock certificates,1,0,0,"4,118",0.02,"30,100",0,0,"123,510,900",0.02
2017-02-23,138490,KOLON PLASTICS,Stock certificates,0,0,0,"32,793",0.00,0,0,0,"207,583,630",0.00
2017-02-23,021240,COWAY,Stock certificates,"19,988",0,0,"188,927",10.58,"1,804,954,300",0,0,"17,054,438,770",10.58
2017-02-23,031820,Comtec,Stock certificates,0,0,0,"150,780",0.00,0,0,0,"235,641,885",0.00
2017-02-23,192400,CUCKOO,Stock certificates,749,0,0,"9,619",7.79,"105,478,500",0,0,"1,354,200,000",7.79
2017-02-23,005740,CrownConf,Stock certificates,"1,989",0,0,"115,821",1.72,"64,231,350",0,0,"3,733,500,550",1.72
2017-02-23,005745,CrownConf(1P),Stock certificates,0,0,0,"4,610",0.00,0,0,0,"102,602,050",0.00
2017-02-23,039490,KIWOOM,Stock certificates,"2,481",0,0,"60,117",4.13,"191,714,100",0,0,"4,636,805,900",4.13
2017-02-23,012170,Kiwi Media Group,Stock certificates,"7,155",0,0,"1,186,239",0.60,"7,729,085",0,0,"1,287,756,315",0.60
2017-02-23,015890,TaekyungInd,Stock certificates,0,0,0,"8,462",0.00,0,0,0,"41,180,530",0.00
2017-02-23,006890,TAEKYUNGCHEMICAL,Stock certificates,0,0,0,"15,582",0.00,0,0,0,"80,810,300",0.00
2017-02-23,003240,TaekwangInd,Stock certificates,26,0,0,769,3.38,"25,516,000",0,0,"751,052,000",3.40
2017-02-23,011280,Tailim Pkg,Stock certificates,"3,785",0,0,"118,471",3.19,"11,775,825",0,0,"368,944,295",3.19
2017-02-23,004100,TaeyangMtl,Stock certificates,0,0,0,"130,653",0.00,0,0,0,"259,462,610",0.00
2017-02-23,004105,TaeyangMtl(1P),Stock certificates,0,0,0,"25,114",0.00,0,0,0,"104,439,940",0.00
2017-02-23,009410,TAEYOUNG E&C,Stock certificates,4,0,0,"98,400",0.00,"21,760",0,0,"533,079,160",0.00
2017-02-23,009415,TAEYOUNG E&C(1P),Stock certificates,0,0,0,"41,161",0.00,0,0,0,"141,407,785",0.00
2017-02-23,001420,TaewonMulsan,Stock certificates,"11,612",0,0,"1,740,838",0.67,"58,147,935",0,0,"8,771,525,955",0.66
2017-02-23,007980,PAN-PACIFIC,Stock certificates,"10,534",0,0,"52,720",19.98,"39,154,245",0,0,"195,915,325",19.99
2017-02-23,078000,TELCOWARE,Stock certificates,0,0,0,"6,164",0.00,0,0,0,"69,310,200",0.00
2017-02-23,214420,TONYMOLY,Stock certificates,620,0,0,"168,694",0.37,"14,004,100",0,0,"3,822,235,350",0.37
2017-02-23,140890,TRUS Y 7 REIT,Real estate investment company,0,0,0,0,0.00,0,0,0,0,0.00
2017-02-23,019180,THN,Stock certificates,0,0,0,"60,303",0.00,0,0,0,"131,933,285",0.00
2017-02-23,004870,T'way Holdings,Stock certificates,11,0,0,"257,601",0.00,"96,140",0,0,"2,294,120,040",0.00
2017-02-23,134790,Teems,Stock certificates,0,0,0,"7,882",0.00,0,0,0,"152,699,600",0.00
2017-02-23,005690,Pharmicell,Stock certificates,"16,270",0,0,"310,286",5.24,"80,140,830",0,0,"1,529,068,105",5.24
2017-02-23,036580,FARMSCO,Stock certificates,330,0,0,"460,069",0.07,"4,309,750",0,0,"5,998,804,350",0.07
2017-02-23,028670,PanOcean,Stock certificates,"61,172",0,0,"5,423,099",1.13,"301,639,255",0,0,"26,697,181,870",1.13
2017-02-23,010820,FIRSTEC,Stock certificates,"4,282",0,0,"190,216",2.25,"15,857,440",0,0,"707,785,245",2.24
2017-02-23,016800,Fursys,Stock certificates,0,0,0,"1,108",0.00,0,0,0,"34,402,600",0.00
2017-02-23,001020,PaperCorea,Stock certificates,"392,637",0,0,"4,157,920",9.44,"223,564,166",0,0,"2,391,032,278",9.35
2017-02-23,090080,PHC,Stock certificates,0,0,0,"13,178",0.00,0,0,0,"22,415,100",0.00
2017-02-23,010770,PHHC,Stock certificates,1,0,0,"12,701",0.01,"3,535",0,0,"43,962,245",0.01
2017-02-23,058430,POSCO C&C,Stock certificates,0,0,0,"10,872",0.00,0,0,0,"320,883,750",0.00
2017-02-23,047050,POSCO DAEWOO,Stock certificates,"2,811",0,0,"229,774",1.22,"70,726,000",0,0,"5,747,320,450",1.23
2017-02-23,017810,PMO,Stock certificates,5,0,0,"2,065",0.24,"674,500",0,0,"277,998,000",0.24
2017-02-23,103140,POONGSAN,Stock certificates,"7,028",0,0,"111,241",6.32,"287,666,050",0,0,"4,552,747,900",6.32
2017-02-23,005810,POONGSAN HOLDINGS,Stock certificates,398,0,0,"3,105",12.82,"19,462,800",0,0,"152,030,500",12.80
2017-02-23,033180,Feelux,Stock certificates,566,0,0,"281,238",0.20,"2,011,510",0,0,"994,305,245",0.20
2017-02-23,086790,HANAFINANCIALGR,Stock certificates,297,0,0,"515,903",0.06,"10,784,300",0,0,"18,714,873,000",0.06
2017-02-23,099340,HANA NICKEL 1,Investment company,0,0,0,56,0.00,0,0,0,"78,325",0.00
2017-02-23,099350,HANA NICKEL 2,Investment company,0,0,0,"5,688",0.00,0,0,0,"7,999,630",0.00
2017-02-23,039130,HANATOUR SERVICE,Stock certificates,"2,518",0,0,"96,812",2.60,"209,217,100",0,0,"8,058,517,300",2.60
2017-02-23,172580,Hi Gold No.12,Ship investment company,0,0,0,587,0.00,0,0,0,"1,469,100",0.00
2017-02-23,153360,Hi Gold No.3,Ship investment company,0,0,0,"1,847",0.00,0,0,0,"3,532,240",0.00
2017-02-23,159650,Hi Gold No.8,Ship investment company,0,0,0,"6,009",0.00,0,0,0,"7,571,590",0.00
2017-02-23,071090,HISTEEL,Stock certificates,0,0,0,"5,881",0.00,0,0,0,"132,576,700",0.00
2017-02-23,019490,Hitron,Stock certificates,0,0,0,"3,156",0.00,0,0,0,"17,565,320",0.00
2017-02-23,000080,HITEJINRO,Stock certificates,"23,033",0,0,"128,185",17.97,"484,321,050",0,0,"2,693,864,700",17.98
2017-02-23,000087,HITEJINRO(2PB),Stock certificates,0,0,0,477,0.00,0,0,0,"8,614,050",0.00
2017-02-23,000140,HITEJINROHOLDINGS,Stock certificates,7,0,0,"23,402",0.03,"81,650",0,0,"270,341,200",0.03
2017-02-23,000145,HITEJINROHOLDINGS(1P),Stock certificates,0,0,0,"4,078",0.00,0,0,0,"41,743,250",0.00
2017-02-23,152550,KIM ANKOR OIL,Investment company,0,0,0,"11,132",0.00,0,0,0,"21,262,125",0.00
2017-02-23,036460,Kogas,Stock certificates,"22,949",0,0,"155,732",14.74,"1,120,975,000",0,0,"7,592,252,000",14.76
2017-02-23,005430,KorApoSvc,Stock certificates,0,0,0,"4,154",0.00,0,0,0,"167,805,700",0.00
2017-02-23,071050,KIH,Stock certificates,"7,925",0,0,"135,826",5.83,"380,650,650",0,0,"6,525,214,200",5.83
2017-02-23,071055,KIH(1P),Stock certificates,1,0,0,"7,478",0.01,"24,250",0,0,"181,257,850",0.01
2017-02-23,010040,Krc,Stock certificates,0,0,0,"74,677",0.00,0,0,0,"239,249,665",0.00
2017-02-23,025540,KorElecTerm,Stock certificates,83,0,0,"7,717",1.08,"5,934,200",0,0,"552,337,300",1.07
2017-02-23,004090,KorPetro,Stock certificates,1,0,0,"1,323",0.08,"112,000",0,0,"146,983,500",0.08
2017-02-23,002960,HankookShellOil,Stock certificates,115,0,0,"2,044",5.63,"46,882,000",0,0,"833,021,500",5.63
2017-02-23,002000,HankukGlas,Stock certificates,0,0,0,691,0.00,0,0,0,"19,046,200",0.00
2017-02-23,002005,HankukGlas(1P),Stock certificates,0,0,0,793,0.00,0,0,0,"16,380,250",0.00
2017-02-23,123890,KAIT,Stock certificates,"1,002",0,0,"421,819",0.24,"8,881,100",0,0,"3,737,508,790",0.24
2017-02-23,015760,KEPCO,Stock certificates,"61,901",0,0,"1,195,574",5.18,"2,668,528,150",0,0,"51,642,231,050",5.17
2017-02-23,006200,KECHOLDINGS,Stock certificates,0,0,0,"69,531",0.00,0,0,0,"60,217,740",0.00
2017-02-23,002300,HankukPaprMfg,Stock certificates,0,0,0,"7,379",0.00,0,0,0,"239,453,150",0.00
2017-02-23,023350,KECC,Stock certificates,0,0,0,"11,797",0.00,0,0,0,"67,087,490",0.00
2017-02-23,025890,HankookSteel,Stock certificates,0,0,0,"13,181",0.00,0,0,0,"42,423,490",0.00
2017-02-23,000970,KorCastIronPipe,Stock certificates,14,0,0,"7,560",0.19,"134,700",0,0,"72,670,370",0.19
2017-02-23,104700,KISCO,Stock certificates,"1,007",0,0,"11,172",9.01,"37,583,150",0,0,"417,824,300",8.99
2017-02-23,017960,HankukCarbon,Stock certificates,"4,192",0,0,"475,596",0.88,"27,699,250",0,0,"3,140,944,960",0.88
2017-02-23,161890,KOREA KOLMAR,Stock certificates,"8,019",0,0,"110,962",7.23,"596,339,600",0,0,"8,244,293,660",7.23
2017-02-23,024720,KOREA KOLMAR HOLDINGS,Stock certificates,973,0,0,"107,460",0.91,"28,076,900",0,0,"3,090,381,400",0.91
2017-02-23,161390,HANKOOK TIRE,Stock certificates,"15,665",0,0,"358,717",4.37,"936,352,900",0,0,"21,175,239,500",4.42
2017-02-23,000240,HANKOOK TIRE WORLDWIDE,Stock certificates,"5,927",0,0,"81,544",7.27,"121,469,050",0,0,"1,670,540,550",7.27
2017-02-23,034830,KOREIT,Stock certificates,"124,907",0,0,"3,853,145",3.24,"394,612,145",0,0,"12,180,480,825",3.24
2017-02-23,007280,KOSCO,Stock certificates,"15,425",0,0,"825,839",1.87,"29,144,185",0,0,"1,567,625,740",1.86
2017-02-23,168490,KIM Parallel OIL,Investment company,0,0,0,"65,919",0.00,0,0,0,"168,228,775",0.00
2017-02-23,010100,KorFlange,Stock certificates,3,0,0,"3,851",0.08,"40,000",0,0,"51,122,350",0.08
2017-02-23,047810,KOREA AEROSPACE,Stock certificates,"73,644",0,0,"549,522",13.40,"4,268,922,200",0,0,"31,847,806,700",13.40
2017-02-23,123690,HANKOOKCOSMETICS,Stock certificates,"14,166",0,0,"239,514",5.91,"236,985,700",0,0,"4,052,647,850",5.85
2017-02-23,003350,HKCManufacture,Stock certificates,1,0,0,"46,751",0.00,"28,400",0,0,"1,316,116,850",0.00
2017-02-23,011500,HANNONG,Stock certificates,0,0,0,"58,494",0.00,0,0,0,"336,129,720",0.00
2017-02-23,002390,HANDOK,Stock certificates,16,0,0,"12,304",0.13,"374,450",0,0,"287,207,700",0.13
2017-02-23,014790,Halla,Stock certificates,1,0,0,"19,358",0.01,"4,235",0,0,"81,270,400",0.01
2017-02-23,060980,HALLA HOLDINGS,Stock certificates,"1,852",0,0,"32,016",5.78,"120,790,700",0,0,"2,088,546,600",5.78
2017-02-23,053690,HanmiGlobal,Stock certificates,0,0,0,"33,162",0.00,0,0,0,"349,842,000",0.00
2017-02-23,042700,HANMISemi,Stock certificates,"8,683",0,0,"60,665",14.31,"136,952,400",0,0,"957,022,750",14.31
2017-02-23,008930,Hanmi Science,Stock certificates,"11,525",0,0,"85,933",13.41,"709,647,300",0,0,"5,300,368,800",13.39
2017-02-23,128940,HanmiPharm,Stock certificates,"2,614",0,0,"62,539",4.18,"807,319,000",0,0,"19,284,978,500",4.19
2017-02-23,009240,Hanssem,Stock certificates,"2,359",0,0,"49,334",4.78,"522,631,500",0,0,"10,867,261,250",4.81
2017-02-23,020000,Handsome,Stock certificates,"4,558",0,0,"41,852",10.89,"136,423,100",0,0,"1,252,064,400",10.90
2017-02-23,003680,HansungEnt,Stock certificates,0,0,0,"9,101",0.00,0,0,0,"74,351,970",0.00
2017-02-23,105630,Hansae,Stock certificates,"53,106",0,0,"270,111",19.66,"1,371,878,000",0,0,"6,988,167,450",19.63
2017-02-23,016450,HansaeYes24Holdings,Stock certificates,555,0,0,"31,776",1.75,"5,472,800",0,0,"314,001,800",1.74
2017-02-23,010420,HANSOLPNS,Stock certificates,"2,770",0,0,"684,787",0.40,"6,915,945",0,0,"1,710,290,780",0.40
2017-02-23,009180,Hansol Logistics,Stock certificates,0,0,0,"26,162",0.00,0,0,0,"71,014,845",0.00
2017-02-23,007190,Hansol Artone Paper,Stock certificates,0,0,0,"21,530",0.00,0,0,0,"40,324,950",0.00
2017-02-23,007197,Hansol Artone Paper(2PB),Stock certificates,0,0,0,"4,991",0.00,0,0,0,"38,466,750",0.00
2017-02-23,213500,HANSOLPAPER,Stock certificates,"2,016",0,0,"22,038",9.15,"42,081,750",0,0,"459,615,650",9.16
2017-02-23,014680,Hanchem,Stock certificates,"3,804",0,0,"28,619",13.29,"302,873,300",0,0,"2,279,266,200",13.29
2017-02-23,004710,HansolTechnics,Stock certificates,"4,653",0,0,"196,471",2.37,"77,394,700",0,0,"3,261,941,600",2.37
2017-02-23,004150,HANSOL HOLDINGS,Stock certificates,"12,047",0,0,"124,621",9.67,"77,570,790",0,0,"801,717,320",9.68
2017-02-23,025750,HomeDeco,Stock certificates,848,0,0,"687,062",0.12,"1,414,020",0,0,"1,147,961,910",0.12
2017-02-23,004960,HanshinConst,Stock certificates,19,0,0,"9,494",0.20,"304,000",0,0,"152,046,500",0.20
2017-02-23,011700,HanshinMach,Stock certificates,8,0,0,"150,680",0.01,"23,640",0,0,"440,564,270",0.01
2017-02-23,001750,HanyangSecu,Stock certificates,0,0,0,"58,888",0.00,0,0,0,"434,287,780",0.00
2017-02-23,001755,HanyangSecu(1P),Stock certificates,0,0,0,867,0.00,0,0,0,"6,812,710",0.00
2017-02-23,018880,Hanon Systems,Stock certificates,"132,029",0,0,"729,553",18.10,"1,163,062,970",0,0,"6,436,068,280",18.07
2017-02-23,009420,HANALL BIOPHARMA,Stock certificates,"1,254",0,0,"158,228",0.79,"15,984,550",0,0,"2,016,906,550",0.79
2017-02-23,014130,HanExpress,Stock certificates,5,0,0,"5,147",0.10,"347,600",0,0,"354,315,300",0.10
2017-02-23,003300,HanilCement,Stock certificates,"1,290",0,0,"11,308",11.41,"115,733,100",0,0,"1,015,311,200",11.40
2017-02-23,002220,HanilIron&Stl,Stock certificates,0,0,0,"3,973",0.00,0,0,0,"98,157,300",0.00
2017-02-23,051600,KEPCO KPS,Stock certificates,"4,183",0,0,"173,345",2.41,"237,976,500",0,0,"9,837,110,900",2.42
2017-02-23,052690,KEPCO E&C,Stock certificates,"4,165",0,0,"108,778",3.83,"106,837,850",0,0,"2,785,934,900",3.83
2017-02-23,130660,KEPID,Stock certificates,2,0,0,"40,906",0.00,"9,260",0,0,"188,994,620",0.00
2017-02-23,002320,HanjinTrnspt,Stock certificates,122,0,0,"114,733",0.11,"3,379,150",0,0,"3,261,722,200",0.10
2017-02-23,097230,HANJIN HVY IND,Stock certificates,"14,573",0,0,"413,892",3.52,"45,842,185",0,0,"1,301,080,300",3.52
2017-02-23,003480,HHICHoldings,Stock certificates,0,0,0,"32,094",0.00,0,0,0,"153,181,075",0.00
2017-02-23,180640,HANJINKAL,Stock certificates,"1,723",0,0,"568,344",0.30,"29,078,150",0,0,"9,594,643,600",0.30
2017-02-23,18064K,HANJINKAL(1P),Stock certificates,0,0,0,"3,672",0.00,0,0,0,"37,190,720",0.00
2017-02-23,117930,HJS,Stock certificates,"319,400",0,0,"104,049,406",0.31,"110,239,800",0,0,"37,213,484,260",0.30
2017-02-23,005110,Hanchang,Stock certificates,"7,035",0,0,"1,182,649",0.59,"14,728,400",0,0,"2,485,017,320",0.59
2017-02-23,009460,HanchangPaper,Stock certificates,0,0,0,"860,227",0.00,0,0,0,"905,559,055",0.00
2017-02-23,000880,Hanwha,Stock certificates,"34,242",0,0,"256,622",13.34,"1,215,581,050",0,0,"9,120,622,800",13.33
2017-02-23,00088K,HANWHA(3PB),Stock certificates,0,0,0,"55,064",0.00,0,0,0,"889,147,400",0.00
2017-02-23,027390,HGTC,Stock certificates,"1,870",0,0,"677,279",0.28,"74,060,000",0,0,"26,819,987,200",0.28
2017-02-23,088350,HANWHA LIFE,Stock certificates,"124,058",0,0,"792,683",15.65,"798,543,700",0,0,"5,107,977,405",15.63
2017-02-23,000370,Hanwha General Ins,Stock certificates,779,0,0,"133,911",0.58,"5,257,800",0,0,"903,181,290",0.58
2017-02-23,000885,Hanwha(1P),Stock certificates,0,0,0,"8,901",0.00,0,0,0,"162,714,850",0.00
2017-02-23,009830,HanwhaChem,Stock certificates,"69,897",0,0,"2,357,986",2.96,"1,834,342,650",0,0,"61,539,490,650",2.98
2017-02-23,009835,HanwhaChem(1P),Stock certificates,0,0,0,"3,742",0.00,0,0,0,"49,456,450",0.00
2017-02-23,012450,HANWHA TECHWIN,Stock certificates,"54,320",0,0,"833,621",6.52,"2,422,625,450",0,0,"37,193,927,800",6.51
2017-02-23,003530,H.I.S.C,Stock certificates,"6,987",0,0,"479,950",1.46,"16,340,455",0,0,"1,122,375,800",1.46
2017-02-23,003535,H.I.S.C(1P),Stock certificates,0,0,0,"24,441",0.00,0,0,0,"54,794,665",0.00
2017-02-23,015540,Hot-Tech,Stock certificates,29,0,0,"39,069",0.07,"343,650",0,0,"458,416,700",0.07
2017-02-23,195870,HAESUNG DS,Stock certificates,398,0,0,"17,857",2.23,"5,163,500",0,0,"233,470,550",2.21
2017-02-23,101530,Haitai Confectionery,Stock certificates,"1,546",0,0,"53,988",2.86,"28,997,300",0,0,"1,013,139,050",2.86
2017-02-23,143210,HANDS CORPORATION,Stock certificates,0,0,0,"86,488",0.00,0,0,0,"832,477,330",0.00
2017-02-23,089470,HEP,Stock certificates,"1,421",0,0,"144,989",0.98,"12,329,720",0,0,"1,262,152,310",0.98
2017-02-23,000720,HyundaiEng&Const,Stock certificates,"25,362",0,0,"270,496",9.38,"1,196,102,000",0,0,"12,749,005,085",9.38
2017-02-23,000725,HyundaiEng&Con(1P),Stock certificates,0,0,0,"1,048",0.00,0,0,0,"52,523,500",0.00
2017-02-23,005440,HYUNDAIGREENFOOD,Stock certificates,"2,144",0,0,"244,183",0.88,"36,135,650",0,0,"4,112,868,650",0.88
2017-02-23,086280,HYUNDAIGLOVIS,Stock certificates,"2,042",0,0,"80,082",2.55,"316,609,500",0,0,"12,395,197,500",2.55
2017-02-23,064350,HYUNDAI ROTEM,Stock certificates,"11,727",0,0,"148,611",7.89,"250,076,450",0,0,"3,164,811,300",7.90
2017-02-23,079430,HYUNDAILIVART,Stock certificates,"2,523",0,0,"100,361",2.51,"75,100,950",0,0,"2,984,094,650",2.52
2017-02-23,012330,Mobis,Stock certificates,"6,130",0,0,"333,293",1.84,"1,581,753,500",0,0,"85,988,283,150",1.84
2017-02-23,010620,HyundaiMipoDock,Stock certificates,"26,784",0,0,"143,218",18.70,"1,751,964,200",0,0,"9,364,255,100",18.71
2017-02-23,069960,HYUNDAIDEPTST,Stock certificates,"6,427",0,0,"295,199",2.18,"643,558,500",0,0,"29,610,734,900",2.17
2017-02-23,004560,HYUNDAI BNG STEEL,Stock certificates,0,0,0,"83,931",0.00,0,0,0,"1,133,583,050",0.00
2017-02-23,004565,HYUNDAI BNG STEEL(1P),Stock certificates,0,0,0,426,0.00,0,0,0,"20,557,250",0.00
2017-02-23,012630,Hyundai Dvp Co,Stock certificates,"7,586",0,0,"364,375",2.08,"316,937,450",0,0,"15,257,352,500",2.08
2017-02-23,011760,HyundaiCorp,Stock certificates,0,0,0,"62,186",0.00,0,0,0,"1,284,407,700",0.00
2017-02-23,011200,HyundaiMercMar,Stock certificates,"20,374",0,0,"2,890,541",0.70,"180,364,780",0,0,"25,624,191,580",0.70
2017-02-23,006390,HyundaiCement,Stock certificates,6,0,0,"6,689",0.09,"158,700",0,0,"177,379,600",0.09
2017-02-23,227840,HYUNDAI C&F,Stock certificates,0,0,0,"11,299",0.00,0,0,0,"174,712,700",0.00
2017-02-23,004310,Hyundai pharm,Stock certificates,0,0,0,"83,722",0.00,0,0,0,"370,459,455",0.00
2017-02-23,126560,Hyundai HCN,Stock certificates,157,0,0,"70,322",0.22,"598,095",0,0,"266,556,880",0.22
2017-02-23,017800,HyundaiElev,Stock certificates,"4,172",0,0,"85,085",4.90,"242,213,900",0,0,"4,947,816,600",4.90
2017-02-23,011210,HYUNDAI WIA,Stock certificates,"23,881",0,0,"139,302",17.14,"1,615,939,100",0,0,"9,427,274,400",17.14
2017-02-23,004020,HYUNDAI STEEL,Stock certificates,"5,846",0,0,"248,034",2.36,"376,416,900",0,0,"15,949,357,200",2.36
2017-02-23,009540,HHI,Stock certificates,"9,878",0,0,"213,616",4.62,"1,538,802,500",0,0,"33,316,048,000",4.62
2017-02-23,005380,HyundaiMtr,Stock certificates,"3,607",0,0,"790,326",0.46,"529,327,500",0,0,"115,831,566,600",0.46
2017-02-23,005387,HyundaiMtr(2PB),Stock certificates,"16,959",0,0,"181,591",9.34,"1,713,111,500",0,0,"18,333,208,500",9.34
2017-02-23,005389,HyundaiMtr(3PB),Stock certificates,0,0,0,"1,669",0.00,0,0,0,"149,311,600",0.00
2017-02-23,005385,HyundaiMtr(1P),Stock certificates,"1,194",0,0,"43,773",2.73,"115,575,700",0,0,"4,231,776,500",2.73
2017-02-23,001450,Hyundai M&F INS,Stock certificates,"87,047",0,0,"418,966",20.78,"2,773,492,850",0,0,"13,377,515,510",20.73
2017-02-23,057050,HYUNDAIHOMESHOP,Stock certificates,0,0,0,"22,889",0.00,0,0,0,"2,624,068,500",0.00
2017-02-23,093240,HYUNGJI ELITE,Stock certificates,17,0,0,"103,914",0.02,"87,690",0,0,"527,404,430",0.02
2017-02-23,003010,HaeinCorp,Stock certificates,487,0,0,"40,194",1.21,"1,890,145",0,0,"155,464,465",1.22
2017-02-23,111110,Hojeon,Stock certificates,0,0,0,"165,883",0.00,0,0,0,"3,950,479,950",0.00
2017-02-23,008770,HtlShilla,Stock certificates,"151,240",0,0,"2,481,442",6.09,"7,637,168,050",0,0,"126,788,489,150",6.02
2017-02-23,008775,HtlShilla(1P),Stock certificates,42,0,0,"305,388",0.01,"2,667,000",0,0,"20,211,122,500",0.01
2017-02-23,002460,HwasungInd,Stock certificates,10,0,0,"36,350",0.03,"136,500",0,0,"492,281,050",0.03
2017-02-23,013520,HS R&A,Stock certificates,0,0,0,"5,705",0.00,0,0,0,"193,062,100",0.00
2017-02-23,241590,H.S.ENTERPRISE,Stock certificates,"3,120",0,0,"93,464",3.34,"53,216,800",0,0,"1,589,898,500",3.35
2017-02-23,006060,HSInd,Stock certificates,"21,835",0,0,"350,041",6.24,"227,275,950",0,0,"3,645,786,100",6.23
2017-02-23,010690,Hwashin,Stock certificates,"5,528",0,0,"58,392",9.47,"38,744,510",0,0,"410,634,470",9.44
2017-02-23,133820,FINEBESTEEL,Stock certificates,"2,739",0,0,"308,839",0.89,"8,535,250",0,0,"960,143,140",0.89
2017-02-23,010660,HWACHEON,Stock certificates,0,0,0,"2,477",0.00,0,0,0,"55,473,300",0.00
2017-02-23,000850,HMT,Stock certificates,0,0,0,931,0.00,0,0,0,"48,661,600",0.00
2017-02-23,016580,WhaninPharm,Stock certificates,18,0,0,"44,356",0.04,"261,900",0,0,"644,184,100",0.04
2017-02-23,032560,HwangKum S&T,Stock certificates,"1,151",0,0,"62,858",1.83,"10,348,750",0,0,"565,191,270",1.83
2017-02-23,004800,Hyosung,Stock certificates,"1,327",0,0,"135,079",0.98,"175,694,000",0,0,"17,865,001,000",0.98
2017-02-23,094280,HYOSUNG ITX,Stock certificates,374,0,0,"3,843",9.73,"4,288,150",0,0,"44,030,500",9.74
2017-02-23,093370,FOOSUNG,Stock certificates,"82,929",0,0,"650,495",12.75,"576,696,100",0,0,"4,524,731,650",12.75
2017-02-23,081660,FILA KOREA,Stock certificates,"1,719",0,0,"32,798",5.24,"128,391,600",0,0,"2,451,410,400",5.24
2017-02-23,005870,HuneedTechnologies,Stock certificates,661,0,0,"276,874",0.24,"8,660,350",0,0,"3,633,490,400",0.24
2017-02-23,079980,HUVIS,Stock certificates,514,0,0,"16,598",3.10,"4,065,410",0,0,"130,558,200",3.11
2017-02-23,005010,HUSTEEL,Stock certificates,373,0,0,"3,969",9.40,"6,011,350",0,0,"64,039,950",9.39
2017-02-23,069260,Huchems,Stock certificates,28,0,0,"95,996",0.03,"608,350",0,0,"2,099,300,600",0.03
2017-02-23,000540,HeungkukF&MIns,Stock certificates,0,0,0,"14,861",0.00,0,0,0,"56,223,925",0.00
2017-02-23,000547,HeungkukF&MIns(2PB),Stock certificates,0,0,0,"47,722",0.00,0,0,0,"992,119,450",0.00
2017-02-23,000545,HeungkukF&MIns(1P),Stock certificates,0,0,0,"13,606",0.00,0,0,0,"50,342,900",0.00
2017-02-23,003280,HeungaShipping,Stock certificates,"81,215",0,0,"8,010,290",1.01,"159,812,220",0,0,"15,709,242,520",1.02
